species_order,tier,species_id,form_id,stage,stage_depth,route_order,name,parent_form_id,dominant_axes,temperature_target,temperature_tolerance,temperature_min,temperature_max,brightness_target,brightness_tolerance,brightness_min,brightness_max,smell_target,smell_tolerance,smell_min,smell_max,humidity_target,humidity_tolerance,humidity_min,humidity_max,sound_target,sound_tolerance,sound_min,sound_max,provide_temperature,provide_brightness,provide_smell,provide_humidity,provide_sound,extreme_axis_count,difficulty_score,difficulty_rank,recommended_mechanic_id,mechanic_icon,mechanic_category,mechanic_name_kr,mechanic_params_wild,mechanic_params_devo1,mechanic_params_devo2,mechanic_params_current,desc,img,attack_power,taming_threshold,escape_threshold,sensory_type,personality,habitat,reaction_type,devolved_img,devolved_name,devolved_desc
1,1,howl_wolf,howl_wolf,wild,0,0,울부짖는 늑대,,sound|brightness,0,4,-4,4,-3,2,-5,-1,3,4,-1,7,0,4,-4,4,-6,2,-8,-4,-4,-2,-2,1,1,0,2.02,easy,sonic_buildup,📣,charge,울음 누적,"[1, 4]","[1, 3]","[1, 2]","[1, 4]",달빛 아래 울부짖으며 음파로 사냥하는 어둠의 늑대,howl_wolf_wild.png,7,75,95,sound,aggressive,forest,aggressive,,,
1,1,howl_wolf,howl_wolf_d1_0,devo1,1,1,달울림,howl_wolf,sound|brightness,0,3,-3,3,-6,1,-7,-5,5,3,2,8,0,3,-3,3,-9,1,-9,-8,-6,-3,-4,1,2,1,5.47,normal,sonic_buildup,📣,charge,울음 누적,"[1, 4]","[1, 3]","[1, 2]","[1, 3]",울음이 아군을 격려하는 전장의 노래꾼,howl_wolf_d1_0.png,,,,,,,,howl_wolf_d2_0.png,울림이,작은 입으로 용감하게 울부짖는 꼬마 늑대
1,1,howl_wolf,howl_wolf_d1_1,devo1,1,2,수호늑대,howl_wolf,sound|brightness,0,3,-3,3,-6,1,-7,-5,5,3,2,8,0,3,-3,3,-9,1,-9,-8,-6,-3,-4,1,2,1,5.47,normal,sonic_buildup,📣,charge,울음 누적,"[1, 4]","[1, 3]","[1, 2]","[1, 3]",울음소리로 적의 접근을 막는 방어의 늑대,howl_wolf_d1_1.png,,,,,,,,howl_wolf_d2_2.png,방패냥,작은 몸으로 버티며 아군을 지키는 꼬마 늑대
1,1,howl_wolf,howl_wolf_d1_2,devo1,1,3,질풍늑대,howl_wolf,sound|brightness,0,3,-3,3,-6,1,-7,-5,5,3,2,8,0,3,-3,3,-9,1,-9,-8,-6,-3,-4,1,2,1,5.47,normal,sonic_buildup,📣,charge,울음 누적,"[1, 4]","[1, 3]","[1, 2]","[1, 3]",바람처럼 빠르게 달려 적을 압박하는 늑대,howl_wolf_d1_2.png,,,,,,,,howl_wolf_d2_4.png,쏜살이,짧은 다리로 후다닥 내달리는 꼬마 늑대
1,1,howl_wolf,howl_wolf_d2_0,devo2,2,1,울림이,howl_wolf_d1_0,sound|brightness,0,2,-2,2,-9,1,-9,-8,7,2,5,9,0,2,-2,2,-9,1,-9,-8,-6,-3,-6,2,2,3,11.73,brutal,sonic_buildup,📣,charge,울음 누적,"[1, 4]","[1, 3]","[1, 2]","[1, 2]",작은 입으로 용감하게 울부짖는 꼬마 늑대,howl_wolf_d2_0.png,,,,,,,,,,
1,1,howl_wolf,howl_wolf_d2_1,devo2,2,2,자장이,howl_wolf_d1_0,sound|brightness,0,2,-2,2,-9,1,-9,-8,7,2,5,9,0,2,-2,2,-9,1,-9,-8,-6,-3,-6,2,2,3,11.73,brutal,sonic_buildup,📣,charge,울음 누적,"[1, 4]","[1, 3]","[1, 2]","[1, 2]",부드러운 울음으로 주변을 달래는 꼬마 늑대,howl_wolf_d2_1.png,,,,,,,,,,
1,1,howl_wolf,howl_wolf_d2_2,devo2,2,3,방패냥,howl_wolf_d1_1,sound|brightness,0,2,-2,2,-9,1,-9,-8,7,2,5,9,0,2,-2,2,-9,1,-9,-8,-6,-3,-6,2,2,3,11.73,brutal,sonic_buildup,📣,charge,울음 누적,"[1, 4]","[1, 3]","[1, 2]","[1, 2]",작은 몸으로 버티며 아군을 지키는 꼬마 늑대,howl_wolf_d2_2.png,,,,,,,,,,
1,1,howl_wolf,howl_wolf_d2_3,devo2,2,4,메아리,howl_wolf_d1_1,sound|brightness,0,2,-2,2,-9,1,-9,-8,7,2,5,9,0,2,-2,2,-9,1,-9,-8,-6,-3,-6,2,2,3,11.73,brutal,sonic_buildup,📣,charge,울음 누적,"[1, 4]","[1, 3]","[1, 2]","[1, 2]",작은 울음이 멀리까지 울려 퍼지는 꼬마 늑대,howl_wolf_d2_3.png,,,,,,,,,,
1,1,howl_wolf,howl_wolf_d2_4,devo2,2,5,쏜살이,howl_wolf_d1_2,sound|brightness,0,2,-2,2,-9,1,-9,-8,7,2,5,9,0,2,-2,2,-9,1,-9,-8,-6,-3,-6,2,2,3,11.73,brutal,sonic_buildup,📣,charge,울음 누적,"[1, 4]","[1, 3]","[1, 2]","[1, 2]",짧은 다리로 후다닥 내달리는 꼬마 늑대,howl_wolf_d2_4.png,,,,,,,,,,
1,1,howl_wolf,howl_wolf_d2_5,devo2,2,6,솔솔이,howl_wolf_d1_2,sound|brightness,0,2,-2,2,-9,1,-9,-8,7,2,5,9,0,2,-2,2,-9,1,-9,-8,-6,-3,-6,2,2,3,11.73,brutal,sonic_buildup,📣,charge,울음 누적,"[1, 4]","[1, 3]","[1, 2]","[1, 2]",가볍게 뛰어다니며 바람을 일으키는 꼬마 늑대,howl_wolf_d2_5.png,,,,,,,,,,
2,1,ember_salamander,ember_salamander,wild,0,0,용암 도롱뇽,,temperature|humidity,6,2,4,8,3,4,-1,7,-3,2,-5,-1,-6,2,-8,-4,0,4,-4,4,-2,4,4,-1,-5,0,2.58,easy,lava_shell,🛡️,charge,용암 갑피,"[1, 3]","[1, 2]","[2, 2]","[1, 3]",용암 속에서 태어나 온몸에 불꽃이 일렁이는 도롱뇽,ember_salamander_wild.png,8,80,100,temperature,aggressive,volcano,aggressive,,,
2,1,ember_salamander,ember_salamander_d1_0,devo1,1,1,불씨도롱,ember_salamander,temperature|humidity,9,1,8,9,5,3,2,8,-5,1,-6,-4,-9,1,-9,-8,0,3,-3,3,-3,6,6,-1,-8,2,7.92,normal,lava_shell,🛡️,charge,용암 갑피,"[1, 3]","[1, 2]","[2, 2]","[1, 2]",따뜻한 온기를 나누는 작은 불꽃 도롱뇽,ember_salamander_d1_0.png,,,,,,,,ember_salamander_d2_0.png,불씨애,작은 몸에서 따뜻한 불씨를 피우는 도롱뇽 유생
2,1,ember_salamander,ember_salamander_d1_1,devo1,1,2,용암방패,ember_salamander,temperature|humidity,9,1,8,9,5,3,2,8,-5,1,-6,-4,-9,1,-9,-8,0,3,-3,3,-3,6,6,-1,-8,2,7.92,normal,lava_shell,🛡️,charge,용암 갑피,"[1, 3]","[1, 2]","[2, 2]","[1, 2]",굳은 용암으로 아군을 감싸는 수호 도롱뇽,ember_salamander_d1_1.png,,,,,,,,ember_salamander_d2_2.png,바위애,단단한 등껍질로 꿋꿋이 버티는 도롱뇽 유생
2,1,ember_salamander,ember_salamander_d1_2,devo1,1,3,온천도롱,ember_salamander,temperature|humidity,9,1,8,9,5,3,2,8,-5,1,-6,-4,-9,1,-9,-8,0,3,-3,3,-3,6,6,-1,-8,2,7.92,normal,lava_shell,🛡️,charge,용암 갑피,"[1, 3]","[1, 2]","[2, 2]","[1, 2]",치유의 온천수를 몸에서 흘리는 도롱뇽,ember_salamander_d1_2.png,,,,,,,,ember_salamander_d2_4.png,김이애,작은 몸에서 따뜻한 김이 모락모락 피어오르는 유생
2,1,ember_salamander,ember_salamander_d1_3,devo1,1,4,섬광도롱,ember_salamander,temperature|humidity,9,1,8,9,5,3,2,8,-5,1,-6,-4,-9,1,-9,-8,0,3,-3,3,-3,6,6,-1,-8,2,7.92,normal,lava_shell,🛡️,charge,용암 갑피,"[1, 3]","[1, 2]","[2, 2]","[1, 2]",불꽃을 순간적으로 터뜨려 적을 놀라게 하는 도롱뇽,ember_salamander_d1_3.png,,,,,,,,ember_salamander_d2_6.png,번쩍애,작은 몸으로 재빨리 움직이는 도롱뇽 유생
2,1,ember_salamander,ember_salamander_d2_0,devo2,2,1,불씨애,ember_salamander_d1_0,temperature|humidity,9,1,8,9,7,2,5,9,-7,1,-8,-6,-9,1,-9,-8,0,2,-2,2,-3,6,8,-3,-8,4,14.49,brutal,lava_shell,🛡️,charge,용암 갑피,"[1, 3]","[1, 2]","[2, 2]","[2, 2]",작은 몸에서 따뜻한 불씨를 피우는 도롱뇽 유생,ember_salamander_d2_0.png,,,,,,,,,,
2,1,ember_salamander,ember_salamander_d2_1,devo2,2,2,온기애,ember_salamander_d1_0,temperature|humidity,9,1,8,9,7,2,5,9,-7,1,-8,-6,-9,1,-9,-8,0,2,-2,2,-3,6,8,-3,-8,4,14.49,brutal,lava_shell,🛡️,charge,용암 갑피,"[1, 3]","[1, 2]","[2, 2]","[2, 2]",포근한 온기로 주위를 감싸는 도롱뇽 유생,ember_salamander_d2_1.png,,,,,,,,,,
2,1,ember_salamander,ember_salamander_d2_2,devo2,2,3,바위애,ember_salamander_d1_1,temperature|humidity,9,1,8,9,7,2,5,9,-7,1,-8,-6,-9,1,-9,-8,0,2,-2,2,-3,6,8,-3,-8,4,14.49,brutal,lava_shell,🛡️,charge,용암 갑피,"[1, 3]","[1, 2]","[2, 2]","[2, 2]",단단한 등껍질로 꿋꿋이 버티는 도롱뇽 유생,ember_salamander_d2_2.png,,,,,,,,,,
2,1,ember_salamander,ember_salamander_d2_3,devo2,2,4,섬광애,ember_salamander_d1_1,temperature|humidity,9,1,8,9,7,2,5,9,-7,1,-8,-6,-9,1,-9,-8,0,2,-2,2,-3,6,8,-3,-8,4,14.49,brutal,lava_shell,🛡️,charge,용암 갑피,"[1, 3]","[1, 2]","[2, 2]","[2, 2]",등 틈새에서 작은 불꽃을 내뿜는 도롱뇽 유생,ember_salamander_d2_3.png,,,,,,,,,,
2,1,ember_salamander,ember_salamander_d2_4,devo2,2,5,김이애,ember_salamander_d1_2,temperature|humidity,9,1,8,9,7,2,5,9,-7,1,-8,-6,-9,1,-9,-8,0,2,-2,2,-3,6,8,-3,-8,4,14.49,brutal,lava_shell,🛡️,charge,용암 갑피,"[1, 3]","[1, 2]","[2, 2]","[2, 2]",작은 몸에서 따뜻한 김이 모락모락 피어오르는 유생,ember_salamander_d2_4.png,,,,,,,,,,
2,1,ember_salamander,ember_salamander_d2_5,devo2,2,6,웅덩이애,ember_salamander_d1_2,temperature|humidity,9,1,8,9,7,2,5,9,-7,1,-8,-6,-9,1,-9,-8,0,2,-2,2,-3,6,8,-3,-8,4,14.49,brutal,lava_shell,🛡️,charge,용암 갑피,"[1, 3]","[1, 2]","[2, 2]","[2, 2]",작은 물웅덩이에 웅크리고 앉아 온기를 나누는 유생,ember_salamander_d2_5.png,,,,,,,,,,
2,1,ember_salamander,ember_salamander_d2_6,devo2,2,7,번쩍애,ember_salamander_d1_3,temperature|humidity,9,1,8,9,7,2,5,9,-7,1,-8,-6,-9,1,-9,-8,0,2,-2,2,-3,6,8,-3,-8,4,14.49,brutal,lava_shell,🛡️,charge,용암 갑피,"[1, 3]","[1, 2]","[2, 2]","[2, 2]",작은 몸으로 재빨리 움직이는 도롱뇽 유생,ember_salamander_d2_6.png,,,,,,,,,,
2,1,ember_salamander,ember_salamander_d2_7,devo2,2,8,반딧애,ember_salamander_d1_3,temperature|humidity,9,1,8,9,7,2,5,9,-7,1,-8,-6,-9,1,-9,-8,0,2,-2,2,-3,6,8,-3,-8,4,14.49,brutal,lava_shell,🛡️,charge,용암 갑피,"[1, 3]","[1, 2]","[2, 2]","[2, 2]",어둠 속에서 은은하게 빛나는 도롱뇽 유생,ember_salamander_d2_7.png,,,,,,,,,,
3,1,rot_toad,rot_toad,wild,0,0,썩은향 두꺼비,,smell|humidity,3,4,-1,7,-3,4,-7,1,6,2,4,8,6,2,4,8,-3,4,-7,1,0,1,-1,3,6,0,2.64,easy,checkpoint_turn,🚩,turn_phase,체크포인트,"[3, 1]","[2, 1]","[2, 2]","[3, 1]",독한 냄새를 뿜어 접근하는 모든 것을 내쫓는 거대 두꺼비,rot_toad_wild.png,7,78,110,smell,aggressive,swamp,aggressive,,,
3,1,rot_toad,rot_toad_d1_0,devo1,1,1,향기두꺼비,rot_toad,smell|humidity,5,3,2,8,-5,3,-8,-2,9,1,8,9,9,1,8,9,-5,3,-8,-2,0,1,-1,4,9,2,8.18,hard,checkpoint_turn,🚩,turn_phase,체크포인트,"[3, 1]","[2, 1]","[2, 2]","[2, 1]",독기가 약초 향으로 변한 치유의 두꺼비,rot_toad_d1_0.png,,,,,,,,rot_toad_d2_0.png,약초올챙이,몸에서 약초 향이 솔솔 나는 꼬마 올챙이
3,1,rot_toad,rot_toad_d1_1,devo1,1,2,독안개,rot_toad,smell|humidity,5,3,2,8,-5,3,-8,-2,9,1,8,9,9,1,8,9,-5,3,-8,-2,0,1,-1,4,9,2,8.18,hard,checkpoint_turn,🚩,turn_phase,체크포인트,"[3, 1]","[2, 1]","[2, 2]","[2, 1]",독을 역이용해 적의 도주를 막는 전략가,rot_toad_d1_1.png,,,,,,,,rot_toad_d2_2.png,안개올챙이,작은 안개를 피워 숨바꼭질하는 올챙이
3,1,rot_toad,rot_toad_d1_2,devo1,1,3,맹독두꺼비,rot_toad,smell|humidity,5,3,2,8,-5,3,-8,-2,9,1,8,9,9,1,8,9,-5,3,-8,-2,0,1,-1,4,9,2,8.18,hard,checkpoint_turn,🚩,turn_phase,체크포인트,"[3, 1]","[2, 1]","[2, 2]","[2, 1]",강렬한 냄새로 순화도를 급격히 올리는 공격형,rot_toad_d1_2.png,,,,,,,,rot_toad_d2_4.png,독침올챙이,작은 독침으로 용감하게 싸우는 올챙이
3,1,rot_toad,rot_toad_d2_0,devo2,2,1,약초올챙이,rot_toad_d1_0,smell|humidity,7,2,5,9,-7,2,-9,-5,9,1,8,9,9,1,8,9,-7,2,-9,-5,-2,3,-3,4,9,5,16.9,brutal,checkpoint_turn,🚩,turn_phase,체크포인트,"[3, 1]","[2, 1]","[2, 2]","[2, 2]",몸에서 약초 향이 솔솔 나는 꼬마 올챙이,rot_toad_d2_0.png,,,,,,,,,,
3,1,rot_toad,rot_toad_d2_1,devo2,2,2,향기올챙이,rot_toad_d1_0,smell|humidity,7,2,5,9,-7,2,-9,-5,9,1,8,9,9,1,8,9,-7,2,-9,-5,-2,3,-3,4,9,5,16.9,brutal,checkpoint_turn,🚩,turn_phase,체크포인트,"[3, 1]","[2, 1]","[2, 2]","[2, 2]",달콤한 향기를 뿜어 주변을 치유하는 올챙이,rot_toad_d2_1.png,,,,,,,,,,
3,1,rot_toad,rot_toad_d2_2,devo2,2,3,안개올챙이,rot_toad_d1_1,smell|humidity,7,2,5,9,-7,2,-9,-5,9,1,8,9,9,1,8,9,-7,2,-9,-5,-2,3,-3,4,9,5,16.9,brutal,checkpoint_turn,🚩,turn_phase,체크포인트,"[3, 1]","[2, 1]","[2, 2]","[2, 2]",작은 안개를 피워 숨바꼭질하는 올챙이,rot_toad_d2_2.png,,,,,,,,,,
3,1,rot_toad,rot_toad_d2_3,devo2,2,4,짙은올챙이,rot_toad_d1_1,smell|humidity,7,2,5,9,-7,2,-9,-5,9,1,8,9,9,1,8,9,-7,2,-9,-5,-2,3,-3,4,9,5,16.9,brutal,checkpoint_turn,🚩,turn_phase,체크포인트,"[3, 1]","[2, 1]","[2, 2]","[2, 2]",짙은 안개 속에서 나타나는 신비로운 올챙이,rot_toad_d2_3.png,,,,,,,,,,
3,1,rot_toad,rot_toad_d2_4,devo2,2,5,독침올챙이,rot_toad_d1_2,smell|humidity,7,2,5,9,-7,2,-9,-5,9,1,8,9,9,1,8,9,-7,2,-9,-5,-2,3,-3,4,9,5,16.9,brutal,checkpoint_turn,🚩,turn_phase,체크포인트,"[3, 1]","[2, 1]","[2, 2]","[2, 2]",작은 독침으로 용감하게 싸우는 올챙이,rot_toad_d2_4.png,,,,,,,,,,
3,1,rot_toad,rot_toad_d2_5,devo2,2,6,물웅올챙이,rot_toad_d1_2,smell|humidity,7,2,5,9,-7,2,-9,-5,9,1,8,9,9,1,8,9,-7,2,-9,-5,-2,3,-3,4,9,5,16.9,brutal,checkpoint_turn,🚩,turn_phase,체크포인트,"[3, 1]","[2, 1]","[2, 2]","[2, 2]",웅덩이에서 느긋하게 헤엄치는 올챙이,rot_toad_d2_5.png,,,,,,,,,,
4,1,stalker_mantis,stalker_mantis,wild,0,0,그림자 사마귀,,sound|brightness,0,4,-4,4,3,2,1,5,0,4,-4,4,0,4,-4,4,-6,2,-8,-4,-4,-2,2,1,0,0,1.88,easy,ambush_pattern,🗡️,sequence,매복 패턴 읽기,"[3, 1]","[2, 1]","[2, 2]","[3, 1]",소리 없이 접근해 한순간에 덮치는 거대한 사마귀,stalker_mantis_wild.png,6,70,80,behavior,aggressive,forest,aggressive,,,
4,1,stalker_mantis,stalker_mantis_d1_0,devo1,1,1,춤사마귀,stalker_mantis,sound|brightness,0,3,-3,3,6,1,5,7,0,3,-3,3,0,3,-3,3,-9,1,-9,-8,-6,-3,4,2,0,1,5,normal,ambush_pattern,🗡️,sequence,매복 패턴 읽기,"[3, 1]","[2, 1]","[2, 2]","[2, 1]",위협 대신 춤으로 소통하는 우아한 사마귀,stalker_mantis_d1_0.png,,,,,,,,stalker_mantis_d2_0.png,빙글이,작은 몸으로 빙글빙글 춤추는 꼬마 사마귀
4,1,stalker_mantis,stalker_mantis_d1_1,devo1,1,2,꽃사마귀,stalker_mantis,sound|brightness,0,3,-3,3,6,1,5,7,0,3,-3,3,0,3,-3,3,-9,1,-9,-8,-6,-3,4,2,0,1,5,normal,ambush_pattern,🗡️,sequence,매복 패턴 읽기,"[3, 1]","[2, 1]","[2, 2]","[2, 1]",꽃잎 같은 팔로 적을 유인하는 사마귀,stalker_mantis_d1_1.png,,,,,,,,stalker_mantis_d2_2.png,꽃봉이,작은 꽃잎 팔을 흔들어 적을 유혹하는 꼬마 사마귀
4,1,stalker_mantis,stalker_mantis_d1_2,devo1,1,3,갑옷사마귀,stalker_mantis,sound|brightness,0,3,-3,3,6,1,5,7,0,3,-3,3,0,3,-3,3,-9,1,-9,-8,-6,-3,4,2,0,1,5,normal,ambush_pattern,🗡️,sequence,매복 패턴 읽기,"[3, 1]","[2, 1]","[2, 2]","[2, 1]",단단한 외골격으로 아군을 지키는 사마귀,stalker_mantis_d1_2.png,,,,,,,,stalker_mantis_d2_4.png,갑옷꼬미,작은 딱딱한 몸으로 아군을 지키는 꼬마 사마귀
4,1,stalker_mantis,stalker_mantis_d2_0,devo2,2,1,빙글이,stalker_mantis_d1_0,sound|brightness,0,2,-2,2,9,1,8,9,0,2,-2,2,0,2,-2,2,-9,1,-9,-8,-6,-3,6,3,0,2,9.14,hard,ambush_pattern,🗡️,sequence,매복 패턴 읽기,"[3, 1]","[2, 1]","[2, 2]","[2, 2]",작은 몸으로 빙글빙글 춤추는 꼬마 사마귀,stalker_mantis_d2_0.png,,,,,,,,,,
4,1,stalker_mantis,stalker_mantis_d2_1,devo2,2,2,지킴이,stalker_mantis_d1_0,sound|brightness,0,2,-2,2,9,1,8,9,0,2,-2,2,0,2,-2,2,-9,1,-9,-8,-6,-3,6,3,0,2,9.14,hard,ambush_pattern,🗡️,sequence,매복 패턴 읽기,"[3, 1]","[2, 1]","[2, 2]","[2, 2]",작은 팔로 열심히 아군을 지키는 꼬마 사마귀,stalker_mantis_d2_1.png,,,,,,,,,,
4,1,stalker_mantis,stalker_mantis_d2_2,devo2,2,3,꽃봉이,stalker_mantis_d1_1,sound|brightness,0,2,-2,2,9,1,8,9,0,2,-2,2,0,2,-2,2,-9,1,-9,-8,-6,-3,6,3,0,2,9.14,hard,ambush_pattern,🗡️,sequence,매복 패턴 읽기,"[3, 1]","[2, 1]","[2, 2]","[2, 2]",작은 꽃잎 팔을 흔들어 적을 유혹하는 꼬마 사마귀,stalker_mantis_d2_2.png,,,,,,,,,,
4,1,stalker_mantis,stalker_mantis_d2_3,devo2,2,4,잎새꼬미,stalker_mantis_d1_1,sound|brightness,0,2,-2,2,9,1,8,9,0,2,-2,2,0,2,-2,2,-9,1,-9,-8,-6,-3,6,3,0,2,9.14,hard,ambush_pattern,🗡️,sequence,매복 패턴 읽기,"[3, 1]","[2, 1]","[2, 2]","[2, 2]",잎사귀처럼 숨어 아군을 돕는 꼬마 사마귀,stalker_mantis_d2_3.png,,,,,,,,,,
4,1,stalker_mantis,stalker_mantis_d2_4,devo2,2,5,갑옷꼬미,stalker_mantis_d1_2,sound|brightness,0,2,-2,2,9,1,8,9,0,2,-2,2,0,2,-2,2,-9,1,-9,-8,-6,-3,6,3,0,2,9.14,hard,ambush_pattern,🗡️,sequence,매복 패턴 읽기,"[3, 1]","[2, 1]","[2, 2]","[2, 2]",작은 딱딱한 몸으로 아군을 지키는 꼬마 사마귀,stalker_mantis_d2_4.png,,,,,,,,,,
4,1,stalker_mantis,stalker_mantis_d2_5,devo2,2,6,싹둑이,stalker_mantis_d1_2,sound|brightness,0,2,-2,2,9,1,8,9,0,2,-2,2,0,2,-2,2,-9,1,-9,-8,-6,-3,6,3,0,2,9.14,hard,ambush_pattern,🗡️,sequence,매복 패턴 읽기,"[3, 1]","[2, 1]","[2, 2]","[2, 2]",작은 팔을 휘둘러 열심히 싸우는 꼬마 사마귀,stalker_mantis_d2_5.png,,,,,,,,,,
5,1,echo_bat,echo_bat,wild,0,0,초음파 박쥐,,sound|brightness,0,4,-4,4,-6,2,-8,-4,0,4,-4,4,0,4,-4,4,-6,2,-8,-4,-1,-1,-4,-2,2,0,1.94,easy,last_skill_echo,🔁,skill_copy,기억 반향,"[1, 1]","[1, 2]","[2, 2]","[1, 1]",초음파를 울려 동굴 전체를 지배하는 거대 박쥐,echo_bat_wild.png,4,55,70,sound,timid,cave,timid,,,
5,1,echo_bat,echo_bat_d1_0,devo1,1,1,노래박쥐,echo_bat,brightness|humidity,0,3,-3,3,-9,1,-9,-8,0,3,-3,3,6,3,3,9,-5,3,-8,-2,-1,-2,-6,-3,4,1,5.26,normal,last_skill_echo,🔁,skill_copy,기억 반향,"[1, 1]","[1, 2]","[2, 2]","[1, 2]",초음파가 아름다운 멜로디로 변한 박쥐,echo_bat_d1_0.png,,,,,,,,echo_bat_d2_0.png,흥얼이,작은 멜로디로 아군을 치유하는 꼬마 박쥐
5,1,echo_bat,echo_bat_d1_1,devo1,1,2,질풍박쥐,echo_bat,brightness|humidity,0,3,-3,3,-9,1,-9,-8,0,3,-3,3,6,3,3,9,-5,3,-8,-2,-1,-2,-6,-3,4,1,5.26,normal,last_skill_echo,🔁,skill_copy,기억 반향,"[1, 1]","[1, 2]","[2, 2]","[1, 2]",누구보다 빠르게 날아 적을 압박하는 박쥐,echo_bat_d1_1.png,,,,,,,,echo_bat_d2_2.png,파닥이,작은 날개를 파닥이며 빠르게 움직이는 꼬마 박쥐
5,1,echo_bat,echo_bat_d2_0,devo2,2,1,흥얼이,echo_bat_d1_0,brightness|humidity,0,2,-2,2,-9,1,-9,-8,0,2,-2,2,9,2,7,9,-7,2,-9,-5,-2,-2,-6,-3,6,3,11.55,brutal,last_skill_echo,🔁,skill_copy,기억 반향,"[1, 1]","[1, 2]","[2, 2]","[2, 2]",작은 멜로디로 아군을 치유하는 꼬마 박쥐,echo_bat_d2_0.png,,,,,,,,,,
5,1,echo_bat,echo_bat_d2_1,devo2,2,2,삑삑이,echo_bat_d1_0,brightness|humidity,0,2,-2,2,-9,1,-9,-8,0,2,-2,2,9,2,7,9,-7,2,-9,-5,-2,-2,-6,-3,6,3,11.55,brutal,last_skill_echo,🔁,skill_copy,기억 반향,"[1, 1]","[1, 2]","[2, 2]","[2, 2]",작은 초음파로 적을 놀라게 하는 꼬마 박쥐,echo_bat_d2_1.png,,,,,,,,,,
5,1,echo_bat,echo_bat_d2_2,devo2,2,3,파닥이,echo_bat_d1_1,brightness|humidity,0,2,-2,2,-9,1,-9,-8,0,2,-2,2,9,2,7,9,-7,2,-9,-5,-2,-2,-6,-3,6,3,11.55,brutal,last_skill_echo,🔁,skill_copy,기억 반향,"[1, 1]","[1, 2]","[2, 2]","[2, 2]",작은 날개를 파닥이며 빠르게 움직이는 꼬마 박쥐,echo_bat_d2_2.png,,,,,,,,,,
5,1,echo_bat,echo_bat_d2_3,devo2,2,4,포근이,echo_bat_d1_1,brightness|humidity,0,2,-2,2,-9,1,-9,-8,0,2,-2,2,9,2,7,9,-7,2,-9,-5,-2,-2,-6,-3,6,3,11.55,brutal,last_skill_echo,🔁,skill_copy,기억 반향,"[1, 1]","[1, 2]","[2, 2]","[2, 2]",날개로 아군을 감싸 보호하는 꼬마 박쥐,echo_bat_d2_3.png,,,,,,,,,,
6,1,frost_moth,frost_moth,wild,0,0,서리 나방,,temperature|brightness,-6,2,-8,-4,3,4,-1,7,0,4,-4,4,3,2,1,5,-3,4,-7,1,-1,-5,0,1,2,0,2.16,easy,frost_pause,❄️,sequence,서리 정지,"[4, 1]","[3, 1]","[3, 2]","[4, 1]",날개에 서리가 내려앉은 투명한 거대 나방,frost_moth_wild.png,3,50,65,temperature,timid,sky,timid,,,
6,1,frost_moth,frost_moth_d1_0,devo1,1,1,눈꽃나방,frost_moth,temperature|brightness,-9,1,-9,-8,6,3,3,9,0,3,-3,3,5,1,4,6,-5,3,-8,-2,-1,-8,1,2,3,1,5.94,normal,frost_pause,❄️,sequence,서리 정지,"[4, 1]","[3, 1]","[3, 2]","[3, 1]",서리가 눈꽃으로 변해 아군을 지키는 나방,frost_moth_d1_0.png,,,,,,,,frost_moth_d2_0.png,눈송이,작은 눈꽃을 흩뿌리며 아군을 치유하는 꼬마 나방
6,1,frost_moth,frost_moth_d1_1,devo1,1,2,얼음나방,frost_moth,temperature|brightness,-9,1,-9,-8,6,3,3,9,0,3,-3,3,5,1,4,6,-5,3,-8,-2,-1,-8,1,2,3,1,5.94,normal,frost_pause,❄️,sequence,서리 정지,"[4, 1]","[3, 1]","[3, 2]","[3, 1]",차가운 바람으로 적의 움직임을 늦추는 나방,frost_moth_d1_1.png,,,,,,,,frost_moth_d2_2.png,얼음꼬미,단단한 얼음 껍질로 아군을 지키는 꼬마 나방
6,1,frost_moth,frost_moth_d2_0,devo2,2,1,눈송이,frost_moth_d1_0,temperature|brightness,-9,1,-9,-8,9,2,7,9,0,2,-2,2,7,1,6,8,-7,2,-9,-5,-3,-8,3,3,5,4,14.31,brutal,frost_pause,❄️,sequence,서리 정지,"[4, 1]","[3, 1]","[3, 2]","[3, 2]",작은 눈꽃을 흩뿌리며 아군을 치유하는 꼬마 나방,frost_moth_d2_0.png,,,,,,,,,,
6,1,frost_moth,frost_moth_d2_1,devo2,2,2,서늘이,frost_moth_d1_0,temperature|brightness,-9,1,-9,-8,9,2,7,9,0,2,-2,2,7,1,6,8,-7,2,-9,-5,-3,-8,3,3,5,4,14.31,brutal,frost_pause,❄️,sequence,서리 정지,"[4, 1]","[3, 1]","[3, 2]","[3, 2]",차가운 바람으로 적의 움직임을 늦추는 꼬마 나방,frost_moth_d2_1.png,,,,,,,,,,
6,1,frost_moth,frost_moth_d2_2,devo2,2,3,얼음꼬미,frost_moth_d1_1,temperature|brightness,-9,1,-9,-8,9,2,7,9,0,2,-2,2,7,1,6,8,-7,2,-9,-5,-3,-8,3,3,5,4,14.31,brutal,frost_pause,❄️,sequence,서리 정지,"[4, 1]","[3, 1]","[3, 2]","[3, 2]",단단한 얼음 껍질로 아군을 지키는 꼬마 나방,frost_moth_d2_2.png,,,,,,,,,,
6,1,frost_moth,frost_moth_d2_3,devo2,2,4,반짝이,frost_moth_d1_1,temperature|brightness,-9,1,-9,-8,9,2,7,9,0,2,-2,2,7,1,6,8,-7,2,-9,-5,-3,-8,3,3,5,4,14.31,brutal,frost_pause,❄️,sequence,서리 정지,"[4, 1]","[3, 1]","[3, 2]","[3, 2]",반짝이는 가루를 뿌려 적을 현혹하는 꼬마 나방,frost_moth_d2_3.png,,,,,,,,,,
7,1,mist_jellyfish,mist_jellyfish,wild,0,0,안개 해파리,,humidity|sound,-3,4,-7,1,-3,4,-7,1,-3,2,-5,-1,6,2,4,8,-6,2,-8,-4,-2,-4,-3,-3,3,0,2.72,easy,mist_drift,🌫️,bonus,안개 밀림,"[1, 1]","[1, 2]","[2, 2]","[1, 1]",공중에 떠다니며 촉수에서 차가운 안개를 뿜는 해파리,mist_jellyfish_wild.png,3,50,65,smell|temperature,timid,sea,timid,,,
7,1,mist_jellyfish,mist_jellyfish_d1_0,devo1,1,1,이슬해파리,mist_jellyfish,humidity|sound,-5,3,-8,-2,-5,3,-8,-2,-5,1,-6,-4,9,1,8,9,-9,1,-9,-8,-3,-6,-5,-5,4,2,8.39,hard,mist_drift,🌫️,bonus,안개 밀림,"[1, 1]","[1, 2]","[2, 2]","[1, 2]",이슬방울을 머금은 치유의 해파리,mist_jellyfish_d1_0.png,,,,,,,,mist_jellyfish_d2_0.png,이슬방울,작은 방울 모양으로 떠다니며 촉촉한 이슬을 뿌리는 아기 해파리
7,1,mist_jellyfish,mist_jellyfish_d1_1,devo1,1,2,독촉수,mist_jellyfish,humidity|sound,-5,3,-8,-2,-5,3,-8,-2,-5,1,-6,-4,9,1,8,9,-9,1,-9,-8,-3,-6,-5,-5,4,2,8.39,hard,mist_drift,🌫️,bonus,안개 밀림,"[1, 1]","[1, 2]","[2, 2]","[1, 2]",독촉수로 적의 도주를 억제하는 해파리,mist_jellyfish_d1_1.png,,,,,,,,mist_jellyfish_d2_2.png,쏘기방울,작은 촉수로 살짝 찌르는 동그란 아기 해파리
7,1,mist_jellyfish,mist_jellyfish_d2_0,devo2,2,1,이슬방울,mist_jellyfish_d1_0,humidity|sound,-7,2,-9,-5,-7,2,-9,-5,-7,1,-8,-6,9,1,8,9,-9,1,-9,-8,-3,-8,-7,-7,4,5,17.08,brutal,mist_drift,🌫️,bonus,안개 밀림,"[1, 1]","[1, 2]","[2, 2]","[2, 2]",작은 방울 모양으로 떠다니며 촉촉한 이슬을 뿌리는 아기 해파리,mist_jellyfish_d2_0.png,,,,,,,,,,
7,1,mist_jellyfish,mist_jellyfish_d2_1,devo2,2,2,한기방울,mist_jellyfish_d1_0,humidity|sound,-7,2,-9,-5,-7,2,-9,-5,-7,1,-8,-6,9,1,8,9,-9,1,-9,-8,-3,-8,-7,-7,4,5,17.08,brutal,mist_drift,🌫️,bonus,안개 밀림,"[1, 1]","[1, 2]","[2, 2]","[2, 2]",차가운 안개를 살짝 내뿜는 동그란 젤리 덩어리,mist_jellyfish_d2_1.png,,,,,,,,,,
7,1,mist_jellyfish,mist_jellyfish_d2_2,devo2,2,3,쏘기방울,mist_jellyfish_d1_1,humidity|sound,-7,2,-9,-5,-7,2,-9,-5,-7,1,-8,-6,9,1,8,9,-9,1,-9,-8,-3,-8,-7,-7,4,5,17.08,brutal,mist_drift,🌫️,bonus,안개 밀림,"[1, 1]","[1, 2]","[2, 2]","[2, 2]",작은 촉수로 살짝 찌르는 동그란 아기 해파리,mist_jellyfish_d2_2.png,,,,,,,,,,
7,1,mist_jellyfish,mist_jellyfish_d2_3,devo2,2,4,안개솜,mist_jellyfish_d1_1,humidity|sound,-7,2,-9,-5,-7,2,-9,-5,-7,1,-8,-6,9,1,8,9,-9,1,-9,-8,-3,-8,-7,-7,4,5,17.08,brutal,mist_drift,🌫️,bonus,안개 밀림,"[1, 1]","[1, 2]","[2, 2]","[2, 2]",안개를 살짝 내뿜으며 둥실 떠다니는 솜뭉치 해파리,mist_jellyfish_d2_3.png,,,,,,,,,,
8,1,vine_spider,vine_spider,wild,0,0,덩굴 거미,,sound|brightness,0,4,-4,4,-3,2,-5,-1,3,2,1,5,3,4,-1,7,-6,2,-8,-4,-3,-2,-2,1,3,0,2.24,easy,web_anchor,🕸️,sequence,거미줄 말뚝,"[3, 1]","[2, 1]","[2, 2]","[3, 1]",냄새나는 덩굴로 거미줄을 치고 먹이를 기다리는 거미,vine_spider_wild.png,4,58,75,smell,timid,forest,timid,,,
8,1,vine_spider,vine_spider_d1_0,devo1,1,1,꽃거미,vine_spider,sound|brightness,0,3,-3,3,-6,1,-7,-5,5,1,4,6,5,3,2,8,-9,1,-9,-8,-4,-3,-4,1,5,1,6.14,normal,web_anchor,🕸️,sequence,거미줄 말뚝,"[3, 1]","[2, 1]","[2, 2]","[2, 1]",꽃향기 나는 실을 짜서 아군을 보호하는 거미,vine_spider_d1_0.png,,,,,,,,vine_spider_d2_0.png,꽃봉이,등에 작은 꽃봉오리를 달고 다니는 꼬마 거미
8,1,vine_spider,vine_spider_d1_1,devo1,1,2,실뿜이,vine_spider,sound|brightness,0,3,-3,3,-6,1,-7,-5,5,1,4,6,5,3,2,8,-9,1,-9,-8,-4,-3,-4,1,5,1,6.14,normal,web_anchor,🕸️,sequence,거미줄 말뚝,"[3, 1]","[2, 1]","[2, 2]","[2, 1]",빠르게 실을 뿜어 적을 묶는 거미,vine_spider_d1_1.png,,,,,,,,vine_spider_d2_2.png,실뭉치,실을 뭉쳐서 공처럼 데굴데굴 굴러다니는 아기 거미
8,1,vine_spider,vine_spider_d1_2,devo1,1,3,약초거미,vine_spider,sound|brightness,0,3,-3,3,-6,1,-7,-5,5,1,4,6,5,3,2,8,-9,1,-9,-8,-4,-3,-4,1,5,1,6.14,normal,web_anchor,🕸️,sequence,거미줄 말뚝,"[3, 1]","[2, 1]","[2, 2]","[2, 1]",거미줄에 약초 성분을 섞어 아군을 치유하는 거미,vine_spider_d1_2.png,,,,,,,,vine_spider_d2_4.png,약콩이,작은 약초 잎을 꼭 안고 있는 동그란 아기 거미
8,1,vine_spider,vine_spider_d2_0,devo2,2,1,꽃봉이,vine_spider_d1_0,sound|brightness,0,2,-2,2,-9,1,-9,-8,7,1,6,8,7,2,5,9,-9,1,-9,-8,-4,-3,-6,2,7,4,14.49,brutal,web_anchor,🕸️,sequence,거미줄 말뚝,"[3, 1]","[2, 1]","[2, 2]","[2, 2]",등에 작은 꽃봉오리를 달고 다니는 꼬마 거미,vine_spider_d2_0.png,,,,,,,,,,
8,1,vine_spider,vine_spider_d2_1,devo2,2,2,가시콩,vine_spider_d1_0,sound|brightness,0,2,-2,2,-9,1,-9,-8,7,1,6,8,7,2,5,9,-9,1,-9,-8,-4,-3,-6,2,7,4,14.49,brutal,web_anchor,🕸️,sequence,거미줄 말뚝,"[3, 1]","[2, 1]","[2, 2]","[2, 2]",작은 가시를 세우며 용감하게 으르렁대는 아기 거미,vine_spider_d2_1.png,,,,,,,,,,
8,1,vine_spider,vine_spider_d2_2,devo2,2,3,실뭉치,vine_spider_d1_1,sound|brightness,0,2,-2,2,-9,1,-9,-8,7,1,6,8,7,2,5,9,-9,1,-9,-8,-4,-3,-6,2,7,4,14.49,brutal,web_anchor,🕸️,sequence,거미줄 말뚝,"[3, 1]","[2, 1]","[2, 2]","[2, 2]",실을 뭉쳐서 공처럼 데굴데굴 굴러다니는 아기 거미,vine_spider_d2_2.png,,,,,,,,,,
8,1,vine_spider,vine_spider_d2_3,devo2,2,4,잎잠이,vine_spider_d1_1,sound|brightness,0,2,-2,2,-9,1,-9,-8,7,1,6,8,7,2,5,9,-9,1,-9,-8,-4,-3,-6,2,7,4,14.49,brutal,web_anchor,🕸️,sequence,거미줄 말뚝,"[3, 1]","[2, 1]","[2, 2]","[2, 2]",나뭇잎 위에서 꾸벅꾸벅 조는 느긋한 아기 거미,vine_spider_d2_3.png,,,,,,,,,,
8,1,vine_spider,vine_spider_d2_4,devo2,2,5,약콩이,vine_spider_d1_2,sound|brightness,0,2,-2,2,-9,1,-9,-8,7,1,6,8,7,2,5,9,-9,1,-9,-8,-4,-3,-6,2,7,4,14.49,brutal,web_anchor,🕸️,sequence,거미줄 말뚝,"[3, 1]","[2, 1]","[2, 2]","[2, 2]",작은 약초 잎을 꼭 안고 있는 동그란 아기 거미,vine_spider_d2_4.png,,,,,,,,,,
8,1,vine_spider,vine_spider_d2_5,devo2,2,6,덩굴콩,vine_spider_d1_2,sound|brightness,0,2,-2,2,-9,1,-9,-8,7,1,6,8,7,2,5,9,-9,1,-9,-8,-4,-3,-6,2,7,4,14.49,brutal,web_anchor,🕸️,sequence,거미줄 말뚝,"[3, 1]","[2, 1]","[2, 2]","[2, 2]",짧은 덩굴 다리로 또각또각 걸어다니는 꼬마 거미,vine_spider_d2_5.png,,,,,,,,,,
9,2,mirror_chameleon,mirror_chameleon,wild,0,0,거울 카멜레온,,sound|temperature,3,4,-1,7,0,2,-2,2,0,4,-4,4,0,4,-4,4,-6,2,-8,-4,-2,1,1,0,0,0,2.04,easy,last_skill_echo,🔁,skill_copy,기억 반향,"[1, 1]","[1, 2]","[2, 2]","[1, 1]",몸을 투명하게 바꿔 상대의 행동을 관찰하는 카멜레온,mirror_chameleon_wild.png,4,55,70,behavior,curious,forest,curious,,,
9,2,mirror_chameleon,mirror_chameleon_d1_0,devo1,1,1,빛도마뱀,mirror_chameleon,temperature|sound,6,3,3,9,0,1,-1,1,0,3,-3,3,0,3,-3,3,-6,1,-7,-5,-4,2,2,0,0,0,3.72,easy,last_skill_echo,🔁,skill_copy,기억 반향,"[1, 1]","[1, 2]","[2, 2]","[1, 2]",빛을 반사해 아군의 스킬을 증폭시키는 도마뱀,mirror_chameleon_d1_0.png,,,,,,,,mirror_chameleon_d2_0.png,반짝이,몸에서 작은 빛을 반사하며 반짝거리는 꼬마 도마뱀
9,2,mirror_chameleon,mirror_chameleon_d1_1,devo1,1,2,위장도마뱀,mirror_chameleon,temperature|sound,6,3,3,9,0,1,-1,1,0,3,-3,3,0,3,-3,3,-6,1,-7,-5,-4,2,2,0,0,0,3.72,easy,last_skill_echo,🔁,skill_copy,기억 반향,"[1, 1]","[1, 2]","[2, 2]","[1, 2]",완벽한 위장으로 적의 공격을 피하는 도마뱀,mirror_chameleon_d1_1.png,,,,,,,,mirror_chameleon_d2_2.png,쏜살이,재빠르게 숨었다 나타났다 하는 장난꾸러기 꼬마 도마뱀
9,2,mirror_chameleon,mirror_chameleon_d2_0,devo2,2,1,반짝이,mirror_chameleon_d1_0,temperature|sound,9,2,7,9,0,1,-1,1,0,2,-2,2,0,2,-2,2,-9,1,-9,-8,-6,3,3,0,0,2,9.64,hard,last_skill_echo,🔁,skill_copy,기억 반향,"[1, 1]","[1, 2]","[2, 2]","[2, 2]",몸에서 작은 빛을 반사하며 반짝거리는 꼬마 도마뱀,mirror_chameleon_d2_0.png,,,,,,,,,,
9,2,mirror_chameleon,mirror_chameleon_d2_1,devo2,2,2,섬광이,mirror_chameleon_d1_0,temperature|sound,9,2,7,9,0,1,-1,1,0,2,-2,2,0,2,-2,2,-9,1,-9,-8,-6,3,3,0,0,2,9.64,hard,last_skill_echo,🔁,skill_copy,기억 반향,"[1, 1]","[1, 2]","[2, 2]","[2, 2]",꼬리 끝에서 번쩍이는 빛으로 놀라게 하는 아기 도마뱀,mirror_chameleon_d2_1.png,,,,,,,,,,
9,2,mirror_chameleon,mirror_chameleon_d2_2,devo2,2,3,쏜살이,mirror_chameleon_d1_1,temperature|sound,9,2,7,9,0,1,-1,1,0,2,-2,2,0,2,-2,2,-9,1,-9,-8,-6,3,3,0,0,2,9.64,hard,last_skill_echo,🔁,skill_copy,기억 반향,"[1, 1]","[1, 2]","[2, 2]","[2, 2]",재빠르게 숨었다 나타났다 하는 장난꾸러기 꼬마 도마뱀,mirror_chameleon_d2_2.png,,,,,,,,,,
9,2,mirror_chameleon,mirror_chameleon_d2_3,devo2,2,4,거울콩,mirror_chameleon_d1_1,temperature|sound,9,2,7,9,0,1,-1,1,0,2,-2,2,0,2,-2,2,-9,1,-9,-8,-6,3,3,0,0,2,9.64,hard,last_skill_echo,🔁,skill_copy,기억 반향,"[1, 1]","[1, 2]","[2, 2]","[2, 2]",작은 몸에 비친 주변 풍경을 보여주는 동그란 도마뱀,mirror_chameleon_d2_3.png,,,,,,,,,,
10,2,crystal_stag,crystal_stag,wild,0,0,수정 사슴,,temperature|brightness,-3,2,-5,-1,3,2,1,5,3,4,-1,7,0,4,-4,4,-3,4,-7,1,-2,-3,1,3,1,0,2.31,easy,resonance_window,💎,bonus,공명 구간,"[2, 1]","[2, 2]","[3, 2]","[2, 1]",수정 뿔에서 맑은 소리가 울려퍼지는 기품 있는 사슴,crystal_stag_wild.png,5,65,75,sound|smell,curious,forest,curious,,,
10,2,crystal_stag,crystal_stag_d1_0,devo1,1,1,종소리사슴,crystal_stag,temperature|brightness,-6,1,-7,-5,6,1,5,7,5,3,2,8,0,3,-3,3,-5,3,-8,-2,-3,-6,2,5,2,0,4.66,easy,resonance_window,💎,bonus,공명 구간,"[2, 1]","[2, 2]","[3, 2]","[2, 2]",뿔에서 맑은 종소리가 울려 적을 매혹시키는 사슴,crystal_stag_d1_0.png,,,,,,,,crystal_stag_d2_0.png,딸랑이,작은 뿔에서 딸랑딸랑 소리를 내는 아기 사슴
10,2,crystal_stag,crystal_stag_d1_1,devo1,1,2,숲지기사슴,crystal_stag,temperature|brightness,-6,1,-7,-5,6,1,5,7,5,3,2,8,0,3,-3,3,-5,3,-8,-2,-3,-6,2,5,2,0,4.66,easy,resonance_window,💎,bonus,공명 구간,"[2, 1]","[2, 2]","[3, 2]","[2, 2]",숲의 향기로 아군을 치유하는 수호 사슴,crystal_stag_d1_1.png,,,,,,,,crystal_stag_d2_2.png,꽃사슴이,이마의 작은 수정꽃에서 은은한 향이 나는 아기 사슴
10,2,crystal_stag,crystal_stag_d1_2,devo1,1,3,수정갑사슴,crystal_stag,temperature|brightness,-6,1,-7,-5,6,1,5,7,5,3,2,8,0,3,-3,3,-5,3,-8,-2,-3,-6,2,5,2,0,4.66,easy,resonance_window,💎,bonus,공명 구간,"[2, 1]","[2, 2]","[3, 2]","[2, 2]",수정 뿔로 아군을 감싸는 방어의 사슴,crystal_stag_d1_2.png,,,,,,,,crystal_stag_d2_4.png,방패꼬마,이마에 작은 수정 방패를 달고 돌진하는 아기 사슴
10,2,crystal_stag,crystal_stag_d2_0,devo2,2,1,딸랑이,crystal_stag_d1_0,temperature|brightness,-9,1,-9,-8,9,1,8,9,7,2,5,9,0,2,-2,2,-7,2,-9,-5,-5,-8,3,8,2,4,14.81,brutal,resonance_window,💎,bonus,공명 구간,"[2, 1]","[2, 2]","[3, 2]","[3, 2]",작은 뿔에서 딸랑딸랑 소리를 내는 아기 사슴,crystal_stag_d2_0.png,,,,,,,,,,
10,2,crystal_stag,crystal_stag_d2_1,devo2,2,2,수정솜이,crystal_stag_d1_0,temperature|brightness,-9,1,-9,-8,9,1,8,9,7,2,5,9,0,2,-2,2,-7,2,-9,-5,-5,-8,3,8,2,4,14.81,brutal,resonance_window,💎,bonus,공명 구간,"[2, 1]","[2, 2]","[3, 2]","[3, 2]",수정 뿔 대신 동그란 보석 하나를 이마에 달고 있는 꼬마 사슴,crystal_stag_d2_1.png,,,,,,,,,,
10,2,crystal_stag,crystal_stag_d2_2,devo2,2,3,꽃사슴이,crystal_stag_d1_1,temperature|brightness,-9,1,-9,-8,9,1,8,9,7,2,5,9,0,2,-2,2,-7,2,-9,-5,-5,-8,3,8,2,4,14.81,brutal,resonance_window,💎,bonus,공명 구간,"[2, 1]","[2, 2]","[3, 2]","[3, 2]",이마의 작은 수정꽃에서 은은한 향이 나는 아기 사슴,crystal_stag_d2_2.png,,,,,,,,,,
10,2,crystal_stag,crystal_stag_d2_3,devo2,2,4,보석깡총,crystal_stag_d1_1,temperature|brightness,-9,1,-9,-8,9,1,8,9,7,2,5,9,0,2,-2,2,-7,2,-9,-5,-5,-8,3,8,2,4,14.81,brutal,resonance_window,💎,bonus,공명 구간,"[2, 1]","[2, 2]","[3, 2]","[3, 2]",깡충깡충 뛰어다니며 보석 빛을 흩뿌리는 꼬마 사슴,crystal_stag_d2_3.png,,,,,,,,,,
10,2,crystal_stag,crystal_stag_d2_4,devo2,2,5,방패꼬마,crystal_stag_d1_2,temperature|brightness,-9,1,-9,-8,9,1,8,9,7,2,5,9,0,2,-2,2,-7,2,-9,-5,-5,-8,3,8,2,4,14.81,brutal,resonance_window,💎,bonus,공명 구간,"[2, 1]","[2, 2]","[3, 2]","[3, 2]",이마에 작은 수정 방패를 달고 돌진하는 아기 사슴,crystal_stag_d2_4.png,,,,,,,,,,
10,2,crystal_stag,crystal_stag_d2_5,devo2,2,6,메아리,crystal_stag_d1_2,temperature|brightness,-9,1,-9,-8,9,1,8,9,7,2,5,9,0,2,-2,2,-7,2,-9,-5,-5,-8,3,8,2,4,14.81,brutal,resonance_window,💎,bonus,공명 구간,"[2, 1]","[2, 2]","[3, 2]","[3, 2]",작은 울음소리가 숲에 메아리치는 노래하는 아기 사슴,crystal_stag_d2_5.png,,,,,,,,,,
11,2,lava_crab,lava_crab,wild,0,0,용암 집게,,temperature|brightness,6,2,4,8,6,2,4,8,-3,4,-7,1,-6,2,-8,-4,0,4,-4,4,-2,4,6,0,-5,0,3.42,easy,phase_molt,🦀,turn_phase,탈피 페이즈,"[4, 1]","[3, 1]","[2, 2]","[4, 1]",뜨거운 집게로 바위를 녹이는 화산 지대의 게,lava_crab_wild.png,5,60,85,temperature|behavior,curious,volcano,curious,,,
11,2,lava_crab,lava_crab_d1_0,devo1,1,1,온천게,lava_crab,temperature|brightness,9,1,8,9,9,1,8,9,-5,3,-8,-2,-8,1,-9,-7,0,3,-3,3,-3,6,9,0,-7,3,10.12,hard,phase_molt,🦀,turn_phase,탈피 페이즈,"[4, 1]","[3, 1]","[2, 2]","[3, 1]",집게에서 따뜻한 물이 나오는 온화한 게,lava_crab_d1_0.png,,,,,,,,lava_crab_d2_0.png,따끈돌,따끈따끈한 등딱지에서 김이 모락모락 나는 꼬마 게
11,2,lava_crab,lava_crab_d1_1,devo1,1,2,화염집게,lava_crab,temperature|brightness,9,1,8,9,9,1,8,9,-5,3,-8,-2,-8,1,-9,-7,0,3,-3,3,-3,6,9,0,-7,3,10.12,hard,phase_molt,🦀,turn_phase,탈피 페이즈,"[4, 1]","[3, 1]","[2, 2]","[3, 1]",불타는 집게로 강렬한 자극을 주는 게,lava_crab_d1_1.png,,,,,,,,lava_crab_d2_2.png,불씨꼬마,집게에서 작은 불씨를 톡톡 튀기는 아기 게
11,2,lava_crab,lava_crab_d1_2,devo1,1,3,조력게,lava_crab,temperature|brightness,9,1,8,9,9,1,8,9,-5,3,-8,-2,-8,1,-9,-7,0,3,-3,3,-3,6,9,0,-7,3,10.12,hard,phase_molt,🦀,turn_phase,탈피 페이즈,"[4, 1]","[3, 1]","[2, 2]","[3, 1]",물과 열을 조절해 아군을 돕는 서포터 게,lava_crab_d1_2.png,,,,,,,,lava_crab_d2_4.png,웅덩이,작은 웅덩이를 만들어 그 안에서 쉬는 꼬마 게
11,2,lava_crab,lava_crab_d2_0,devo2,2,1,따끈돌,lava_crab_d1_0,temperature|brightness,9,1,8,9,9,1,8,9,-7,2,-9,-5,-9,1,-9,-8,0,2,-2,2,-3,6,9,-2,-8,4,15.65,brutal,phase_molt,🦀,turn_phase,탈피 페이즈,"[4, 1]","[3, 1]","[2, 2]","[2, 2]",따끈따끈한 등딱지에서 김이 모락모락 나는 꼬마 게,lava_crab_d2_0.png,,,,,,,,,,
11,2,lava_crab,lava_crab_d2_1,devo2,2,2,불꽃집게,lava_crab_d1_0,temperature|brightness,9,1,8,9,9,1,8,9,-7,2,-9,-5,-9,1,-9,-8,0,2,-2,2,-3,6,9,-2,-8,4,15.65,brutal,phase_molt,🦀,turn_phase,탈피 페이즈,"[4, 1]","[3, 1]","[2, 2]","[2, 2]",작은 집게를 딱딱 부딪혀 불꽃을 만드는 아기 게,lava_crab_d2_1.png,,,,,,,,,,
11,2,lava_crab,lava_crab_d2_2,devo2,2,3,불씨꼬마,lava_crab_d1_1,temperature|brightness,9,1,8,9,9,1,8,9,-7,2,-9,-5,-9,1,-9,-8,0,2,-2,2,-3,6,9,-2,-8,4,15.65,brutal,phase_molt,🦀,turn_phase,탈피 페이즈,"[4, 1]","[3, 1]","[2, 2]","[2, 2]",집게에서 작은 불씨를 톡톡 튀기는 아기 게,lava_crab_d2_2.png,,,,,,,,,,
11,2,lava_crab,lava_crab_d2_3,devo2,2,4,김단추,lava_crab_d1_1,temperature|brightness,9,1,8,9,9,1,8,9,-7,2,-9,-5,-9,1,-9,-8,0,2,-2,2,-3,6,9,-2,-8,4,15.65,brutal,phase_molt,🦀,turn_phase,탈피 페이즈,"[4, 1]","[3, 1]","[2, 2]","[2, 2]",등딱지에서 뿜뿜 김을 내뿜는 동그란 아기 게,lava_crab_d2_3.png,,,,,,,,,,
11,2,lava_crab,lava_crab_d2_4,devo2,2,5,웅덩이,lava_crab_d1_2,temperature|brightness,9,1,8,9,9,1,8,9,-7,2,-9,-5,-9,1,-9,-8,0,2,-2,2,-3,6,9,-2,-8,4,15.65,brutal,phase_molt,🦀,turn_phase,탈피 페이즈,"[4, 1]","[3, 1]","[2, 2]","[2, 2]",작은 웅덩이를 만들어 그 안에서 쉬는 꼬마 게,lava_crab_d2_4.png,,,,,,,,,,
11,2,lava_crab,lava_crab_d2_5,devo2,2,6,용암알,lava_crab_d1_2,temperature|brightness,9,1,8,9,9,1,8,9,-7,2,-9,-5,-9,1,-9,-8,0,2,-2,2,-3,6,9,-2,-8,4,15.65,brutal,phase_molt,🦀,turn_phase,탈피 페이즈,"[4, 1]","[3, 1]","[2, 2]","[2, 2]",용암 속에서 갓 태어난 것처럼 따끈한 동그란 아기 게,lava_crab_d2_5.png,,,,,,,,,,
12,2,spore_fox,spore_fox,wild,0,0,포자 여우,,smell|brightness,0,4,-4,4,-3,4,-7,1,6,2,4,8,3,2,1,5,-3,4,-7,1,-1,-1,-2,3,4,0,2.66,easy,prep_then_burst,🕰️,turn_phase,준비 후 폭발,"[2, 1]","[3, 1]","[3, 2]","[2, 1]",꼬리에서 환각 포자를 뿌리며 장난치는 여우,spore_fox_wild.png,4,55,70,smell|behavior,curious,forest,curious,,,
12,2,spore_fox,spore_fox_d1_0,devo1,1,1,향여우,spore_fox,smell|brightness,0,3,-3,3,-6,3,-9,-3,9,1,8,9,5,1,4,6,-5,3,-8,-2,-1,-2,-4,4,6,1,6.44,normal,prep_then_burst,🕰️,turn_phase,준비 후 폭발,"[2, 1]","[3, 1]","[3, 2]","[3, 1]",달콤한 향기로 적의 경계를 풀어버리는 여우,spore_fox_d1_0.png,,,,,,,,spore_fox_d2_0.png,향기꼬마,코를 킁킁거리며 달콤한 향을 뿌리는 아기 여우
12,2,spore_fox,spore_fox_d1_1,devo1,1,2,안개여우,spore_fox,smell|brightness,0,3,-3,3,-6,3,-9,-3,9,1,8,9,5,1,4,6,-5,3,-8,-2,-1,-2,-4,4,6,1,6.44,normal,prep_then_burst,🕰️,turn_phase,준비 후 폭발,"[2, 1]","[3, 1]","[3, 2]","[3, 1]",포자 안개로 아군을 숨겨주는 여우,spore_fox_d1_1.png,,,,,,,,spore_fox_d2_2.png,안개솜이,보솜보솜한 꼬리에서 안개가 살짝 피어오르는 아기 여우
12,2,spore_fox,spore_fox_d2_0,devo2,2,1,향기꼬마,spore_fox_d1_0,smell|brightness,0,2,-2,2,-9,2,-9,-7,9,1,8,9,7,1,6,8,-7,2,-9,-5,-3,-2,-6,3,8,4,14.81,brutal,prep_then_burst,🕰️,turn_phase,준비 후 폭발,"[2, 1]","[3, 1]","[3, 2]","[3, 2]",코를 킁킁거리며 달콤한 향을 뿌리는 아기 여우,spore_fox_d2_0.png,,,,,,,,,,
12,2,spore_fox,spore_fox_d2_1,devo2,2,2,포자콩,spore_fox_d1_0,smell|brightness,0,2,-2,2,-9,2,-9,-7,9,1,8,9,7,1,6,8,-7,2,-9,-5,-3,-2,-6,3,8,4,14.81,brutal,prep_then_burst,🕰️,turn_phase,준비 후 폭발,"[2, 1]","[3, 1]","[3, 2]","[3, 2]",등에 작은 포자를 하나 달고 뒤뚱뒤뚱 걷는 꼬마 여우,spore_fox_d2_1.png,,,,,,,,,,
12,2,spore_fox,spore_fox_d2_2,devo2,2,3,안개솜이,spore_fox_d1_1,smell|brightness,0,2,-2,2,-9,2,-9,-7,9,1,8,9,7,1,6,8,-7,2,-9,-5,-3,-2,-6,3,8,4,14.81,brutal,prep_then_burst,🕰️,turn_phase,준비 후 폭발,"[2, 1]","[3, 1]","[3, 2]","[3, 2]",보솜보솜한 꼬리에서 안개가 살짝 피어오르는 아기 여우,spore_fox_d2_2.png,,,,,,,,,,
12,2,spore_fox,spore_fox_d2_3,devo2,2,4,버섯단추,spore_fox_d1_1,smell|brightness,0,2,-2,2,-9,2,-9,-7,9,1,8,9,7,1,6,8,-7,2,-9,-5,-3,-2,-6,3,8,4,14.81,brutal,prep_then_burst,🕰️,turn_phase,준비 후 폭발,"[2, 1]","[3, 1]","[3, 2]","[3, 2]",머리 위에 작은 버섯 모자를 쓰고 있는 동그란 아기 여우,spore_fox_d2_3.png,,,,,,,,,,
13,2,iron_boar,iron_boar,wild,0,0,강철 멧돼지,,smell|temperature,3,2,1,5,-3,4,-7,1,-6,2,-8,-4,0,4,-4,4,3,4,-1,7,2,3,-1,-5,-2,0,2.66,easy,opening_lock,🔒,turn_phase,초반 봉인,"[2, 3]","[3, 4]","[4, 5]","[2, 3]",강철처럼 단단한 갈기를 세우고 돌진하는 멧돼지,iron_boar_wild.png,9,85,120,smell|temperature,stubborn,cave,stubborn,,,
13,2,iron_boar,iron_boar_d1_0,devo1,1,1,철등멧돼지,iron_boar,smell|temperature,6,1,5,7,-5,3,-8,-2,-9,1,-9,-8,0,3,-3,3,5,3,2,8,3,6,-1,-8,-3,1,6.44,normal,opening_lock,🔒,turn_phase,초반 봉인,"[2, 3]","[3, 4]","[4, 5]","[3, 4]",강철 등으로 아군을 지키는 든든한 방패,iron_boar_d1_0.png,,,,,,,,iron_boar_d2_0.png,자갈돼지,작고 단단한 등판으로 뒹굴며 방어하는 아기 멧돼지
13,2,iron_boar,iron_boar_d1_1,devo1,1,2,화염멧돼지,iron_boar,smell|temperature,6,1,5,7,-5,3,-8,-2,-9,1,-9,-8,0,3,-3,3,5,3,2,8,3,6,-1,-8,-3,1,6.44,normal,opening_lock,🔒,turn_phase,초반 봉인,"[2, 3]","[3, 4]","[4, 5]","[3, 4]",뜨거운 갈기로 순화도를 올리는 공격형,iron_boar_d1_1.png,,,,,,,,iron_boar_d2_2.png,숯불돼지,등에서 따뜻한 열기가 나는 작은 공격형 아기 멧돼지
13,2,iron_boar,iron_boar_d1_2,devo1,1,3,약초멧돼지,iron_boar,smell|temperature,6,1,5,7,-5,3,-8,-2,-9,1,-9,-8,0,3,-3,3,5,3,2,8,3,6,-1,-8,-3,1,6.44,normal,opening_lock,🔒,turn_phase,초반 봉인,"[2, 3]","[3, 4]","[4, 5]","[3, 4]",갈기에서 약초 향이 나는 치유의 멧돼지,iron_boar_d1_2.png,,,,,,,,iron_boar_d2_4.png,풀향돼지,콧등에서 약초 냄새가 나는 치유 전문 아기 멧돼지
13,2,iron_boar,iron_boar_d1_3,devo1,1,4,돌진멧돼지,iron_boar,smell|temperature,6,1,5,7,-5,3,-8,-2,-9,1,-9,-8,0,3,-3,3,5,3,2,8,3,6,-1,-8,-3,1,6.44,normal,opening_lock,🔒,turn_phase,초반 봉인,"[2, 3]","[3, 4]","[4, 5]","[3, 4]",맹렬한 돌진으로 적에게 압박을 주는 멧돼지,iron_boar_d1_3.png,,,,,,,,iron_boar_d2_6.png,번개돼지,짧은 다리로 빠르게 돌진하는 작고 빠른 아기 멧돼지
13,2,iron_boar,iron_boar_d2_0,devo2,2,1,자갈돼지,iron_boar_d1_0,smell|temperature,9,1,8,9,-7,2,-9,-5,-9,1,-9,-8,0,2,-2,2,7,2,5,9,5,8,-2,-8,-3,4,14.81,brutal,opening_lock,🔒,turn_phase,초반 봉인,"[2, 3]","[3, 4]","[4, 5]","[4, 5]",작고 단단한 등판으로 뒹굴며 방어하는 아기 멧돼지,iron_boar_d2_0.png,,,,,,,,,,
13,2,iron_boar,iron_boar_d2_1,devo2,2,2,불꽃돼지,iron_boar_d1_0,smell|temperature,9,1,8,9,-7,2,-9,-5,-9,1,-9,-8,0,2,-2,2,7,2,5,9,5,8,-2,-8,-3,4,14.81,brutal,opening_lock,🔒,turn_phase,초반 봉인,"[2, 3]","[3, 4]","[4, 5]","[4, 5]",작은 콧김에서 불씨가 튀는 호기심 많은 아기 멧돼지,iron_boar_d2_1.png,,,,,,,,,,
13,2,iron_boar,iron_boar_d2_2,devo2,2,3,숯불돼지,iron_boar_d1_1,smell|temperature,9,1,8,9,-7,2,-9,-5,-9,1,-9,-8,0,2,-2,2,7,2,5,9,5,8,-2,-8,-3,4,14.81,brutal,opening_lock,🔒,turn_phase,초반 봉인,"[2, 3]","[3, 4]","[4, 5]","[4, 5]",등에서 따뜻한 열기가 나는 작은 공격형 아기 멧돼지,iron_boar_d2_2.png,,,,,,,,,,
13,2,iron_boar,iron_boar_d2_3,devo2,2,4,쇠잠돼지,iron_boar_d1_1,smell|temperature,9,1,8,9,-7,2,-9,-5,-9,1,-9,-8,0,2,-2,2,7,2,5,9,5,8,-2,-8,-3,4,14.81,brutal,opening_lock,🔒,turn_phase,초반 봉인,"[2, 3]","[3, 4]","[4, 5]","[4, 5]",따뜻한 몸으로 아군 곁에서 졸며 치유하는 아기 멧돼지,iron_boar_d2_3.png,,,,,,,,,,
13,2,iron_boar,iron_boar_d2_4,devo2,2,5,풀향돼지,iron_boar_d1_2,smell|temperature,9,1,8,9,-7,2,-9,-5,-9,1,-9,-8,0,2,-2,2,7,2,5,9,5,8,-2,-8,-3,4,14.81,brutal,opening_lock,🔒,turn_phase,초반 봉인,"[2, 3]","[3, 4]","[4, 5]","[4, 5]",콧등에서 약초 냄새가 나는 치유 전문 아기 멧돼지,iron_boar_d2_4.png,,,,,,,,,,
13,2,iron_boar,iron_boar_d2_5,devo2,2,6,쇠달돼지,iron_boar_d1_2,smell|temperature,9,1,8,9,-7,2,-9,-5,-9,1,-9,-8,0,2,-2,2,7,2,5,9,5,8,-2,-8,-3,4,14.81,brutal,opening_lock,🔒,turn_phase,초반 봉인,"[2, 3]","[3, 4]","[4, 5]","[4, 5]",짧은 다리로 총총 뛰어다니는 활발한 아기 멧돼지,iron_boar_d2_5.png,,,,,,,,,,
13,2,iron_boar,iron_boar_d2_6,devo2,2,7,번개돼지,iron_boar_d1_3,smell|temperature,9,1,8,9,-7,2,-9,-5,-9,1,-9,-8,0,2,-2,2,7,2,5,9,5,8,-2,-8,-3,4,14.81,brutal,opening_lock,🔒,turn_phase,초반 봉인,"[2, 3]","[3, 4]","[4, 5]","[4, 5]",짧은 다리로 빠르게 돌진하는 작고 빠른 아기 멧돼지,iron_boar_d2_6.png,,,,,,,,,,
13,2,iron_boar,iron_boar_d2_7,devo2,2,8,지킴돼지,iron_boar_d1_3,smell|temperature,9,1,8,9,-7,2,-9,-5,-9,1,-9,-8,0,2,-2,2,7,2,5,9,5,8,-2,-8,-3,4,14.81,brutal,opening_lock,🔒,turn_phase,초반 봉인,"[2, 3]","[3, 4]","[4, 5]","[4, 5]",작지만 용감하게 앞을 막아서는 아기 멧돼지,iron_boar_d2_7.png,,,,,,,,,,
14,2,stone_tortoise,stone_tortoise,wild,0,0,바위 거북,,brightness|sound,0,2,-2,2,-6,2,-8,-4,0,4,-4,4,3,4,-1,7,-6,2,-8,-4,-3,-2,-4,-2,2,0,2.94,easy,opening_lock,🔒,turn_phase,초반 봉인,"[2, 3]","[3, 4]","[4, 5]","[2, 3]",등에 이끼가 자란 거대한 고대 거북,stone_tortoise_wild.png,8,82,115,temperature,stubborn,cave,stubborn,,,
14,2,stone_tortoise,stone_tortoise_d1_0,devo1,1,1,이끼거북,stone_tortoise,brightness|sound,0,1,-1,1,-9,1,-9,-8,0,3,-3,3,5,3,2,8,-9,1,-9,-8,-4,-3,-6,-3,3,2,7.95,normal,opening_lock,🔒,turn_phase,초반 봉인,"[2, 3]","[3, 4]","[4, 5]","[3, 4]",등의 이끼에서 약초가 자라나는 치유 거북,stone_tortoise_d1_0.png,,,,,,,,stone_tortoise_d2_0.png,조약돌거북,작고 둥근 돌등판으로 웅크리는 아기 거북
14,2,stone_tortoise,stone_tortoise_d1_1,devo1,1,2,온천거북,stone_tortoise,brightness|sound,0,1,-1,1,-9,1,-9,-8,0,3,-3,3,5,3,2,8,-9,1,-9,-8,-4,-3,-6,-3,3,2,7.95,normal,opening_lock,🔒,turn_phase,초반 봉인,"[2, 3]","[3, 4]","[4, 5]","[3, 4]",따뜻한 등에서 치유의 김이 올라오는 거북,stone_tortoise_d1_1.png,,,,,,,,stone_tortoise_d2_2.png,김거북,등에서 따뜻한 김이 솔솔 나는 치유 전문 아기 거북
14,2,stone_tortoise,stone_tortoise_d1_2,devo1,1,3,화석거북,stone_tortoise,brightness|sound,0,1,-1,1,-9,1,-9,-8,0,3,-3,3,5,3,2,8,-9,1,-9,-8,-4,-3,-6,-3,3,2,7.95,normal,opening_lock,🔒,turn_phase,초반 봉인,"[2, 3]","[3, 4]","[4, 5]","[3, 4]",고대의 힘으로 강렬한 소리를 울리는 거북,stone_tortoise_d1_2.png,,,,,,,,stone_tortoise_d2_4.png,뼈거북,등판에 작은 화석 무늬가 있는 공격형 아기 거북
14,2,stone_tortoise,stone_tortoise_d1_3,devo1,1,4,지진거북,stone_tortoise,brightness|sound,0,1,-1,1,-9,1,-9,-8,0,3,-3,3,5,3,2,8,-9,1,-9,-8,-4,-3,-6,-3,3,2,7.95,normal,opening_lock,🔒,turn_phase,초반 봉인,"[2, 3]","[3, 4]","[4, 5]","[3, 4]",무거운 발걸음으로 지면을 흔드는 거북,stone_tortoise_d1_3.png,,,,,,,,stone_tortoise_d2_6.png,달리거북,작은 다리로 지면을 탁탁 치며 달리는 아기 거북
14,2,stone_tortoise,stone_tortoise_d2_0,devo2,2,1,조약돌거북,stone_tortoise_d1_0,brightness|sound,0,1,-1,1,-9,1,-9,-8,0,2,-2,2,7,2,5,9,-9,1,-9,-8,-4,-3,-6,-3,5,3,12.41,brutal,opening_lock,🔒,turn_phase,초반 봉인,"[2, 3]","[3, 4]","[4, 5]","[4, 5]",작고 둥근 돌등판으로 웅크리는 아기 거북,stone_tortoise_d2_0.png,,,,,,,,,,
14,2,stone_tortoise,stone_tortoise_d2_1,devo2,2,2,온기거북,stone_tortoise_d1_0,brightness|sound,0,1,-1,1,-9,1,-9,-8,0,2,-2,2,7,2,5,9,-9,1,-9,-8,-4,-3,-6,-3,5,3,12.41,brutal,opening_lock,🔒,turn_phase,초반 봉인,"[2, 3]","[3, 4]","[4, 5]","[4, 5]",따뜻한 등판에서 김이 나는 치유형 아기 거북,stone_tortoise_d2_1.png,,,,,,,,,,
14,2,stone_tortoise,stone_tortoise_d2_2,devo2,2,3,김거북,stone_tortoise_d1_1,brightness|sound,0,1,-1,1,-9,1,-9,-8,0,2,-2,2,7,2,5,9,-9,1,-9,-8,-4,-3,-6,-3,5,3,12.41,brutal,opening_lock,🔒,turn_phase,초반 봉인,"[2, 3]","[3, 4]","[4, 5]","[4, 5]",등에서 따뜻한 김이 솔솔 나는 치유 전문 아기 거북,stone_tortoise_d2_2.png,,,,,,,,,,
14,2,stone_tortoise,stone_tortoise_d2_3,devo2,2,4,쿵거북,stone_tortoise_d1_1,brightness|sound,0,1,-1,1,-9,1,-9,-8,0,2,-2,2,7,2,5,9,-9,1,-9,-8,-4,-3,-6,-3,5,3,12.41,brutal,opening_lock,🔒,turn_phase,초반 봉인,"[2, 3]","[3, 4]","[4, 5]","[4, 5]",작은 발로 쿵쿵 걸어다니는 활발한 아기 거북,stone_tortoise_d2_3.png,,,,,,,,,,
14,2,stone_tortoise,stone_tortoise_d2_4,devo2,2,5,뼈거북,stone_tortoise_d1_2,brightness|sound,0,1,-1,1,-9,1,-9,-8,0,2,-2,2,7,2,5,9,-9,1,-9,-8,-4,-3,-6,-3,5,3,12.41,brutal,opening_lock,🔒,turn_phase,초반 봉인,"[2, 3]","[3, 4]","[4, 5]","[4, 5]",등판에 작은 화석 무늬가 있는 공격형 아기 거북,stone_tortoise_d2_4.png,,,,,,,,,,
14,2,stone_tortoise,stone_tortoise_d2_5,devo2,2,6,총총거북,stone_tortoise_d1_2,brightness|sound,0,1,-1,1,-9,1,-9,-8,0,2,-2,2,7,2,5,9,-9,1,-9,-8,-4,-3,-6,-3,5,3,12.41,brutal,opening_lock,🔒,turn_phase,초반 봉인,"[2, 3]","[3, 4]","[4, 5]","[4, 5]",작은 다리로 재빠르게 움직이는 아기 거북,stone_tortoise_d2_5.png,,,,,,,,,,
14,2,stone_tortoise,stone_tortoise_d2_6,devo2,2,7,달리거북,stone_tortoise_d1_3,brightness|sound,0,1,-1,1,-9,1,-9,-8,0,2,-2,2,7,2,5,9,-9,1,-9,-8,-4,-3,-6,-3,5,3,12.41,brutal,opening_lock,🔒,turn_phase,초반 봉인,"[2, 3]","[3, 4]","[4, 5]","[4, 5]",작은 다리로 지면을 탁탁 치며 달리는 아기 거북,stone_tortoise_d2_6.png,,,,,,,,,,
14,2,stone_tortoise,stone_tortoise_d2_7,devo2,2,8,방패거북,stone_tortoise_d1_3,brightness|sound,0,1,-1,1,-9,1,-9,-8,0,2,-2,2,7,2,5,9,-9,1,-9,-8,-4,-3,-6,-3,5,3,12.41,brutal,opening_lock,🔒,turn_phase,초반 봉인,"[2, 3]","[3, 4]","[4, 5]","[4, 5]",작지만 단단한 등판으로 웅크리는 방어형 아기 거북,stone_tortoise_d2_7.png,,,,,,,,,,
15,2,rumble_bear,rumble_bear,wild,0,0,진동 곰,,brightness|smell,0,4,-4,4,-3,2,-5,-1,3,4,-1,7,0,4,-4,4,-3,2,-5,-1,-2,-1,-2,1,1,0,2.18,easy,panic_threshold,😤,charge,위압 임계,"[3, 1]","[2, 1]","[2, 2]","[3, 1]",발걸음마다 땅이 울리는 거대한 산악 곰,enemy_abyss_wolf.png,8,80,105,sound|behavior,stubborn,cave,stubborn,,,
15,2,rumble_bear,rumble_bear_d1_0,devo1,1,1,북소리곰,rumble_bear,brightness|smell,0,3,-3,3,-6,1,-7,-5,6,3,3,9,0,3,-3,3,-5,1,-6,-4,-3,-2,-4,2,2,0,4.19,easy,panic_threshold,😤,charge,위압 임계,"[3, 1]","[2, 1]","[2, 2]","[2, 1]",배를 두드려 리듬을 만드는 힘센 곰,fire_ally.png,,,,,,,,fire_devolved.png,톡톡곰,작은 배를 톡톡 두드리며 소리를 내는 아기 곰
15,2,rumble_bear,rumble_bear_d1_1,devo1,1,2,포옹곰,rumble_bear,brightness|smell,0,3,-3,3,-6,1,-7,-5,6,3,3,9,0,3,-3,3,-5,1,-6,-4,-3,-2,-4,2,2,0,4.19,easy,panic_threshold,😤,charge,위압 임계,"[3, 1]","[2, 1]","[2, 2]","[2, 1]",따뜻한 포옹으로 아군을 보호하는 곰,grass_ally.png,,,,,,,,grass_devolved.png,안아곰,작은 팔을 벌려 안아주려는 방어형 아기 곰
15,2,rumble_bear,rumble_bear_d1_2,devo1,1,3,자장곰,rumble_bear,brightness|smell,0,3,-3,3,-6,1,-7,-5,6,3,3,9,0,3,-3,3,-5,1,-6,-4,-3,-2,-4,2,2,0,4.19,easy,panic_threshold,😤,charge,위압 임계,"[3, 1]","[2, 1]","[2, 2]","[2, 1]",자장가 같은 저음으로 적을 진정시키는 곰,water_ally.png,,,,,,,,water_devolved.png,콧노래곰,콧노래를 흥얼거리며 치유하는 아기 곰
15,2,rumble_bear,rumble_bear_d1_3,devo1,1,4,돌진곰,rumble_bear,brightness|smell,0,3,-3,3,-6,1,-7,-5,6,3,3,9,0,3,-3,3,-5,1,-6,-4,-3,-2,-4,2,2,0,4.19,easy,panic_threshold,😤,charge,위압 임계,"[3, 1]","[2, 1]","[2, 2]","[2, 1]",맹돌진으로 적에게 압도적 존재감을 보여주는 곰,fire_ally.png,,,,,,,,fire_devolved.png,돌진곰아,작은 몸으로 돌진하는 빠른 아기 곰
15,2,rumble_bear,rumble_bear_d2_0,devo2,2,1,톡톡곰,rumble_bear_d1_0,brightness|smell,0,2,-2,2,-9,1,-9,-8,9,2,7,9,0,2,-2,2,-7,1,-8,-6,-5,-2,-6,3,3,3,12.23,brutal,panic_threshold,😤,charge,위압 임계,"[3, 1]","[2, 1]","[2, 2]","[2, 2]",작은 배를 톡톡 두드리며 소리를 내는 아기 곰,fire_devolved.png,,,,,,,,,,
15,2,rumble_bear,rumble_bear_d2_1,devo2,2,2,방패곰,rumble_bear_d1_0,brightness|smell,0,2,-2,2,-9,1,-9,-8,9,2,7,9,0,2,-2,2,-7,1,-8,-6,-5,-2,-6,3,3,3,12.23,brutal,panic_threshold,😤,charge,위압 임계,"[3, 1]","[2, 1]","[2, 2]","[2, 2]",작지만 단단하게 웅크리는 방어형 아기 곰,grass_devolved.png,,,,,,,,,,
15,2,rumble_bear,rumble_bear_d2_2,devo2,2,3,안아곰,rumble_bear_d1_1,brightness|smell,0,2,-2,2,-9,1,-9,-8,9,2,7,9,0,2,-2,2,-7,1,-8,-6,-5,-2,-6,3,3,3,12.23,brutal,panic_threshold,😤,charge,위압 임계,"[3, 1]","[2, 1]","[2, 2]","[2, 2]",작은 팔을 벌려 안아주려는 방어형 아기 곰,grass_devolved.png,,,,,,,,,,
15,2,rumble_bear,rumble_bear_d2_3,devo2,2,4,으르렁곰,rumble_bear_d1_1,brightness|smell,0,2,-2,2,-9,1,-9,-8,9,2,7,9,0,2,-2,2,-7,1,-8,-6,-5,-2,-6,3,3,3,12.23,brutal,panic_threshold,😤,charge,위압 임계,"[3, 1]","[2, 1]","[2, 2]","[2, 2]",작은 입으로 으르렁 소리를 내는 공격형 아기 곰,fire_devolved.png,,,,,,,,,,
15,2,rumble_bear,rumble_bear_d2_4,devo2,2,5,콧노래곰,rumble_bear_d1_2,brightness|smell,0,2,-2,2,-9,1,-9,-8,9,2,7,9,0,2,-2,2,-7,1,-8,-6,-5,-2,-6,3,3,3,12.23,brutal,panic_threshold,😤,charge,위압 임계,"[3, 1]","[2, 1]","[2, 2]","[2, 2]",콧노래를 흥얼거리며 치유하는 아기 곰,water_devolved.png,,,,,,,,,,
15,2,rumble_bear,rumble_bear_d2_5,devo2,2,6,종종곰,rumble_bear_d1_2,brightness|smell,0,2,-2,2,-9,1,-9,-8,9,2,7,9,0,2,-2,2,-7,1,-8,-6,-5,-2,-6,3,3,3,12.23,brutal,panic_threshold,😤,charge,위압 임계,"[3, 1]","[2, 1]","[2, 2]","[2, 2]",작은 발로 종종 뛰어다니는 빠른 아기 곰,fire_devolved.png,,,,,,,,,,
15,2,rumble_bear,rumble_bear_d2_6,devo2,2,7,돌진곰아,rumble_bear_d1_3,brightness|smell,0,2,-2,2,-9,1,-9,-8,9,2,7,9,0,2,-2,2,-7,1,-8,-6,-5,-2,-6,3,3,3,12.23,brutal,panic_threshold,😤,charge,위압 임계,"[3, 1]","[2, 1]","[2, 2]","[2, 2]",작은 몸으로 돌진하는 빠른 아기 곰,fire_devolved.png,,,,,,,,,,
15,2,rumble_bear,rumble_bear_d2_7,devo2,2,8,노래곰아,rumble_bear_d1_3,brightness|smell,0,2,-2,2,-9,1,-9,-8,9,2,7,9,0,2,-2,2,-7,1,-8,-6,-5,-2,-6,3,3,3,12.23,brutal,panic_threshold,😤,charge,위압 임계,"[3, 1]","[2, 1]","[2, 2]","[2, 2]",달리면서 콧노래를 흥얼거리는 치유형 아기 곰,water_devolved.png,,,,,,,,,,
16,2,thorn_hedgehog,thorn_hedgehog,wild,0,0,가시 고슴도치,,sound|smell,0,4,-4,4,0,4,-4,4,3,2,1,5,0,2,-2,2,-6,2,-8,-4,-4,-2,0,2,1,0,2.46,easy,thorn_bounce,🌵,sequence,가시 튕김,"[3, 50]","[2, 50]","[2, 100]","[3, 50]",독가시를 세우고 냄새로 영역을 표시하는 고슴도치,enemy_shadow_cat.png,6,72,100,smell,stubborn,forest,stubborn,,,
16,2,thorn_hedgehog,thorn_hedgehog_d1_0,devo1,1,1,꽃가시,thorn_hedgehog,sound|smell,0,3,-3,3,0,3,-3,3,6,1,5,7,0,1,-1,1,-9,1,-9,-8,-6,-3,0,4,2,1,5.7,normal,thorn_bounce,🌵,sequence,가시 튕김,"[3, 50]","[2, 50]","[2, 100]","[2, 50]",가시 끝에 작은 꽃이 피어난 고슴도치,grass_ally.png,,,,,,,,grass_devolved.png,꽃봉가시,작은 가시에 꽃봉오리가 맺힌 방어형 아기 고슴도치
16,2,thorn_hedgehog,thorn_hedgehog_d1_1,devo1,1,2,향가시,thorn_hedgehog,sound|smell,0,3,-3,3,0,3,-3,3,6,1,5,7,0,1,-1,1,-9,1,-9,-8,-6,-3,0,4,2,1,5.7,normal,thorn_bounce,🌵,sequence,가시 튕김,"[3, 50]","[2, 50]","[2, 100]","[2, 50]",가시에서 달콤한 향이 나는 고슴도치,fire_ally.png,,,,,,,,fire_devolved.png,달향가시,달콤한 향을 풍기는 공격형 아기 고슴도치
16,2,thorn_hedgehog,thorn_hedgehog_d1_2,devo1,1,3,약가시,thorn_hedgehog,sound|smell,0,3,-3,3,0,3,-3,3,6,1,5,7,0,1,-1,1,-9,1,-9,-8,-6,-3,0,4,2,1,5.7,normal,thorn_bounce,🌵,sequence,가시 튕김,"[3, 50]","[2, 50]","[2, 100]","[2, 50]",약초 가시로 아군을 치유하는 고슴도치,water_ally.png,,,,,,,,water_devolved.png,약풀가시,가시에서 약효가 나는 치유 전문 아기 고슴도치
16,2,thorn_hedgehog,thorn_hedgehog_d2_0,devo2,2,1,꽃봉가시,thorn_hedgehog_d1_0,sound|smell,0,2,-2,2,0,2,-2,2,9,1,8,9,0,1,-1,1,-9,1,-9,-8,-6,-3,0,6,3,2,9.82,hard,thorn_bounce,🌵,sequence,가시 튕김,"[3, 50]","[2, 50]","[2, 100]","[2, 100]",작은 가시에 꽃봉오리가 맺힌 방어형 아기 고슴도치,grass_devolved.png,,,,,,,,,,
16,2,thorn_hedgehog,thorn_hedgehog_d2_1,devo2,2,2,향솔가시,thorn_hedgehog_d1_0,sound|smell,0,2,-2,2,0,2,-2,2,9,1,8,9,0,1,-1,1,-9,1,-9,-8,-6,-3,0,6,3,2,9.82,hard,thorn_bounce,🌵,sequence,가시 튕김,"[3, 50]","[2, 50]","[2, 100]","[2, 100]",코를 킁킁거리며 향기를 뿌리는 공격형 아기 고슴도치,fire_devolved.png,,,,,,,,,,
16,2,thorn_hedgehog,thorn_hedgehog_d2_2,devo2,2,3,달향가시,thorn_hedgehog_d1_1,sound|smell,0,2,-2,2,0,2,-2,2,9,1,8,9,0,1,-1,1,-9,1,-9,-8,-6,-3,0,6,3,2,9.82,hard,thorn_bounce,🌵,sequence,가시 튕김,"[3, 50]","[2, 50]","[2, 100]","[2, 100]",달콤한 향을 풍기는 공격형 아기 고슴도치,fire_devolved.png,,,,,,,,,,
16,2,thorn_hedgehog,thorn_hedgehog_d2_3,devo2,2,4,동글가시,thorn_hedgehog_d1_1,sound|smell,0,2,-2,2,0,2,-2,2,9,1,8,9,0,1,-1,1,-9,1,-9,-8,-6,-3,0,6,3,2,9.82,hard,thorn_bounce,🌵,sequence,가시 튕김,"[3, 50]","[2, 50]","[2, 100]","[2, 100]",동글게 말려서 방어하는 아기 고슴도치,grass_devolved.png,,,,,,,,,,
16,2,thorn_hedgehog,thorn_hedgehog_d2_4,devo2,2,5,약풀가시,thorn_hedgehog_d1_2,sound|smell,0,2,-2,2,0,2,-2,2,9,1,8,9,0,1,-1,1,-9,1,-9,-8,-6,-3,0,6,3,2,9.82,hard,thorn_bounce,🌵,sequence,가시 튕김,"[3, 50]","[2, 50]","[2, 100]","[2, 100]",가시에서 약효가 나는 치유 전문 아기 고슴도치,water_devolved.png,,,,,,,,,,
16,2,thorn_hedgehog,thorn_hedgehog_d2_5,devo2,2,6,살랑가시,thorn_hedgehog_d1_2,sound|smell,0,2,-2,2,0,2,-2,2,9,1,8,9,0,1,-1,1,-9,1,-9,-8,-6,-3,0,6,3,2,9.82,hard,thorn_bounce,🌵,sequence,가시 튕김,"[3, 50]","[2, 50]","[2, 100]","[2, 100]",살랑살랑 뛰어다니는 빠른 아기 고슴도치,fire_devolved.png,,,,,,,,,,
17,3,storm_hawk,storm_hawk,wild,0,0,폭풍 매,,brightness|sound,0,4,-4,4,6,2,4,8,0,4,-4,4,3,4,-1,7,6,2,4,8,3,-1,3,2,2,0,3.24,easy,checkpoint_turn,🚩,turn_phase,체크포인트,"[3, 1]","[2, 1]","[2, 2]","[3, 1]",날개짓으로 폭풍을 일으키는 하늘의 사냥꾼,enemy_echo_bat.png,6,72,80,sound|temperature,aggressive,sky,aggressive,,,
17,3,storm_hawk,storm_hawk_d1_0,devo1,1,1,바람매,storm_hawk,brightness|temperature,-6,1,-7,-5,9,1,8,9,0,3,-3,3,5,3,2,8,5,1,4,6,5,-2,4,3,3,1,7.14,normal,checkpoint_turn,🚩,turn_phase,체크포인트,"[3, 1]","[2, 1]","[2, 2]","[2, 1]",부드러운 바람을 일으켜 적을 매혹시키는 매,fire_ally.png,,,,,,,,fire_devolved.png,솔바람병아리,작은 날갯짓으로 미풍을 일으키는 공격형 아기 매
17,3,storm_hawk,storm_hawk_d1_1,devo1,1,2,급강하매,storm_hawk,brightness|temperature,-6,1,-7,-5,9,1,8,9,0,3,-3,3,5,3,2,8,5,1,4,6,5,-2,4,3,3,1,7.14,normal,checkpoint_turn,🚩,turn_phase,체크포인트,"[3, 1]","[2, 1]","[2, 2]","[2, 1]",번개처럼 빠른 급강하로 적에게 충격을 주는 매,fire_ally.png,,,,,,,,fire_devolved.png,쏜살병아리,짧은 날개로 빠르게 날아다니는 아기 매
17,3,storm_hawk,storm_hawk_d1_2,devo1,1,3,둥지매,storm_hawk,brightness|temperature,-6,1,-7,-5,9,1,8,9,0,3,-3,3,5,3,2,8,5,1,4,6,5,-2,4,3,3,1,7.14,normal,checkpoint_turn,🚩,turn_phase,체크포인트,"[3, 1]","[2, 1]","[2, 2]","[2, 1]",날개로 아군을 감싸 보호하는 매,water_ally.png,,,,,,,,water_devolved.png,구구병아리,구구 소리로 동료를 치유하는 아기 매
17,3,storm_hawk,storm_hawk_d2_0,devo2,2,1,솔바람병아리,storm_hawk_d1_0,brightness|temperature,-9,1,-9,-8,9,1,8,9,0,2,-2,2,7,2,5,9,7,1,6,8,7,-4,3,3,5,4,15.49,brutal,checkpoint_turn,🚩,turn_phase,체크포인트,"[3, 1]","[2, 1]","[2, 2]","[2, 2]",작은 날갯짓으로 미풍을 일으키는 공격형 아기 매,fire_devolved.png,,,,,,,,,,
17,3,storm_hawk,storm_hawk_d2_1,devo2,2,2,보금병아리,storm_hawk_d1_0,brightness|temperature,-9,1,-9,-8,9,1,8,9,0,2,-2,2,7,2,5,9,7,1,6,8,7,-4,3,3,5,4,15.49,brutal,checkpoint_turn,🚩,turn_phase,체크포인트,"[3, 1]","[2, 1]","[2, 2]","[2, 2]",작은 날개로 동료를 감싸 보호하는 아기 매,water_devolved.png,,,,,,,,,,
17,3,storm_hawk,storm_hawk_d2_2,devo2,2,3,쏜살병아리,storm_hawk_d1_1,brightness|temperature,-9,1,-9,-8,9,1,8,9,0,2,-2,2,7,2,5,9,7,1,6,8,7,-4,3,3,5,4,15.49,brutal,checkpoint_turn,🚩,turn_phase,체크포인트,"[3, 1]","[2, 1]","[2, 2]","[2, 2]",짧은 날개로 빠르게 날아다니는 아기 매,fire_devolved.png,,,,,,,,,,
17,3,storm_hawk,storm_hawk_d2_3,devo2,2,4,뭉게병아리,storm_hawk_d1_1,brightness|temperature,-9,1,-9,-8,9,1,8,9,0,2,-2,2,7,2,5,9,7,1,6,8,7,-4,3,3,5,4,15.49,brutal,checkpoint_turn,🚩,turn_phase,체크포인트,"[3, 1]","[2, 1]","[2, 2]","[2, 2]",뭉게구름처럼 푹신한 방어형 아기 매,grass_devolved.png,,,,,,,,,,
17,3,storm_hawk,storm_hawk_d2_4,devo2,2,5,구구병아리,storm_hawk_d1_2,brightness|temperature,-9,1,-9,-8,9,1,8,9,0,2,-2,2,7,2,5,9,7,1,6,8,7,-4,3,3,5,4,15.49,brutal,checkpoint_turn,🚩,turn_phase,체크포인트,"[3, 1]","[2, 1]","[2, 2]","[2, 2]",구구 소리로 동료를 치유하는 아기 매,water_devolved.png,,,,,,,,,,
17,3,storm_hawk,storm_hawk_d2_5,devo2,2,6,째깍병아리,storm_hawk_d1_2,brightness|temperature,-9,1,-9,-8,9,1,8,9,0,2,-2,2,7,2,5,9,7,1,6,8,7,-4,3,3,5,4,15.49,brutal,checkpoint_turn,🚩,turn_phase,체크포인트,"[3, 1]","[2, 1]","[2, 2]","[2, 2]",날카로운 울음소리로 적을 놀라게 하는 공격형 아기 매,fire_devolved.png,,,,,,,,,,
18,3,shadow_cat,shadow_cat,wild,0,0,그림자 고양이,,brightness|sound,0,2,-2,2,-6,2,-8,-4,-3,4,-7,1,0,4,-4,4,-6,2,-8,-4,-4,-2,-4,-4,-1,0,3.44,easy,shadow_escape,🐾,bonus,그림자 빠져나감,"[2, 1]","[2, 2]","[3, 2]","[2, 1]",그림자처럼 일렁이며 호기심 가득한 눈으로 관찰하는 고양이,enemy_shadow_cat.png,5,55,70,behavior|temperature,curious,cave,curious,,,
18,3,shadow_cat,shadow_cat_d1_0,devo1,1,1,달빛고양이,shadow_cat,brightness|sound,0,1,-1,1,-9,1,-9,-8,-5,3,-8,-2,0,3,-3,3,-9,1,-9,-8,-6,-3,-6,-6,-2,2,8.45,hard,shadow_escape,🐾,bonus,그림자 빠져나감,"[2, 1]","[2, 2]","[3, 2]","[2, 2]",달빛처럼 은은하게 빛나며 빠르게 움직이는 고양이,fire_ally.png,,,,,,,,fire_devolved.png,깜빡냥이,그림자 속에서 깜빡이며 빠르게 움직이는 아기 고양이
18,3,shadow_cat,shadow_cat_d1_1,devo1,1,2,그늘고양이,shadow_cat,brightness|sound,0,1,-1,1,-9,1,-9,-8,-5,3,-8,-2,0,3,-3,3,-9,1,-9,-8,-6,-3,-6,-6,-2,2,8.45,hard,shadow_escape,🐾,bonus,그림자 빠져나감,"[2, 1]","[2, 2]","[3, 2]","[2, 2]",그림자에 숨어 아군을 치유하는 고양이,water_ally.png,,,,,,,,water_devolved.png,그르렁냥이,그르렁 소리로 동료를 치유하는 아기 고양이
18,3,shadow_cat,shadow_cat_d2_0,devo2,2,1,깜빡냥이,shadow_cat_d1_0,brightness|sound,0,1,-1,1,-9,1,-9,-8,-7,2,-9,-5,0,2,-2,2,-9,1,-9,-8,-6,-3,-6,-8,-2,3,12.91,brutal,shadow_escape,🐾,bonus,그림자 빠져나감,"[2, 1]","[2, 2]","[3, 2]","[3, 2]",그림자 속에서 깜빡이며 빠르게 움직이는 아기 고양이,fire_devolved.png,,,,,,,,,,
18,3,shadow_cat,shadow_cat_d2_1,devo2,2,2,속삭냥이,shadow_cat_d1_0,brightness|sound,0,1,-1,1,-9,1,-9,-8,-7,2,-9,-5,0,2,-2,2,-9,1,-9,-8,-6,-3,-6,-8,-2,3,12.91,brutal,shadow_escape,🐾,bonus,그림자 빠져나감,"[2, 1]","[2, 2]","[3, 2]","[3, 2]",조용히 다가와 동료를 치유하는 아기 고양이,water_devolved.png,,,,,,,,,,
18,3,shadow_cat,shadow_cat_d2_2,devo2,2,3,그르렁냥이,shadow_cat_d1_1,brightness|sound,0,1,-1,1,-9,1,-9,-8,-7,2,-9,-5,0,2,-2,2,-9,1,-9,-8,-6,-3,-6,-8,-2,3,12.91,brutal,shadow_escape,🐾,bonus,그림자 빠져나감,"[2, 1]","[2, 2]","[3, 2]","[3, 2]",그르렁 소리로 동료를 치유하는 아기 고양이,water_devolved.png,,,,,,,,,,
18,3,shadow_cat,shadow_cat_d2_3,devo2,2,4,덮치냥이,shadow_cat_d1_1,brightness|sound,0,1,-1,1,-9,1,-9,-8,-7,2,-9,-5,0,2,-2,2,-9,1,-9,-8,-6,-3,-6,-8,-2,3,12.91,brutal,shadow_escape,🐾,bonus,그림자 빠져나감,"[2, 1]","[2, 2]","[3, 2]","[3, 2]",그림자에서 갑자기 튀어나오는 공격형 아기 고양이,fire_devolved.png,,,,,,,,,,
19,3,coral_seahorse,coral_seahorse,wild,0,0,산호 해마,,humidity|brightness,0,4,-4,4,3,2,1,5,-3,2,-5,-1,6,2,4,8,-3,4,-7,1,0,-1,2,-1,3,0,3.24,easy,tidal_rhythm,🌊,turn_phase,조류 리듬,"[3, 1]","[2, 1]","[2, 2]","[3, 1]",산호처럼 화려하고 물 온도로 감정을 표현하는 해마,enemy_fog_jellyfish.png,4,52,68,temperature|smell,timid,sea,timid,,,
19,3,coral_seahorse,coral_seahorse_d1_0,devo1,1,1,온도해마,coral_seahorse,humidity|brightness,0,3,-3,3,6,1,5,7,-5,1,-6,-4,9,1,8,9,-5,3,-8,-2,0,-2,4,-1,4,1,7.14,normal,tidal_rhythm,🌊,turn_phase,조류 리듬,"[3, 1]","[2, 1]","[2, 2]","[2, 1]",몸 색깔로 온도를 전달해 적을 매혹시키는 해마,fire_ally.png,,,,,,,,fire_devolved.png,불씨조랑,조그만 몸에서 따끈한 온기가 나오는 꼬마 해마
19,3,coral_seahorse,coral_seahorse_d1_1,devo1,1,2,치유해마,coral_seahorse,humidity|brightness,0,3,-3,3,6,1,5,7,-5,1,-6,-4,9,1,8,9,-5,3,-8,-2,0,-2,4,-1,4,1,7.14,normal,tidal_rhythm,🌊,turn_phase,조류 리듬,"[3, 1]","[2, 1]","[2, 2]","[2, 1]",따뜻한 물로 아군의 상처를 씻어주는 해마,water_ally.png,,,,,,,,water_devolved.png,온기방울,따뜻한 물방울 같은 몸으로 상처를 감싸주는 꼬마 해마
19,3,coral_seahorse,coral_seahorse_d2_0,devo2,2,1,불씨조랑,coral_seahorse_d1_0,humidity|brightness,0,2,-2,2,9,1,8,9,-7,1,-8,-6,9,1,8,9,-7,2,-9,-5,-2,-2,6,-2,4,4,15.49,brutal,tidal_rhythm,🌊,turn_phase,조류 리듬,"[3, 1]","[2, 1]","[2, 2]","[2, 2]",조그만 몸에서 따끈한 온기가 나오는 꼬마 해마,fire_devolved.png,,,,,,,,,,
19,3,coral_seahorse,coral_seahorse_d2_1,devo2,2,2,파도알,coral_seahorse_d1_0,humidity|brightness,0,2,-2,2,9,1,8,9,-7,1,-8,-6,9,1,8,9,-7,2,-9,-5,-2,-2,6,-2,4,4,15.49,brutal,tidal_rhythm,🌊,turn_phase,조류 리듬,"[3, 1]","[2, 1]","[2, 2]","[2, 2]",물속에서 동글동글 떠다니며 향기를 풍기는 꼬마 해마,water_devolved.png,,,,,,,,,,
19,3,coral_seahorse,coral_seahorse_d2_2,devo2,2,3,온기방울,coral_seahorse_d1_1,humidity|brightness,0,2,-2,2,9,1,8,9,-7,1,-8,-6,9,1,8,9,-7,2,-9,-5,-2,-2,6,-2,4,4,15.49,brutal,tidal_rhythm,🌊,turn_phase,조류 리듬,"[3, 1]","[2, 1]","[2, 2]","[2, 2]",따뜻한 물방울 같은 몸으로 상처를 감싸주는 꼬마 해마,water_devolved.png,,,,,,,,,,
19,3,coral_seahorse,coral_seahorse_d2_3,devo2,2,4,산호불꽃,coral_seahorse_d1_1,humidity|brightness,0,2,-2,2,9,1,8,9,-7,1,-8,-6,9,1,8,9,-7,2,-9,-5,-2,-2,6,-2,4,4,15.49,brutal,tidal_rhythm,🌊,turn_phase,조류 리듬,"[3, 1]","[2, 1]","[2, 2]","[2, 2]",작은 몸에서 뜨거운 산호 빛이 번쩍이는 꼬마 해마,fire_devolved.png,,,,,,,,,,
20,3,wind_serpent,wind_serpent,wild,0,0,바람 뱀,,sound|temperature,-3,4,-7,1,3,4,-1,7,0,4,-4,4,-3,2,-5,-1,6,2,4,8,3,0,1,1,-2,0,3.16,easy,opening_lock,🔒,turn_phase,초반 봉인,"[2, 3]","[3, 4]","[4, 5]","[2, 3]",바람을 타고 날아다니며 위협적으로 쉿 소리를 내는 뱀,enemy_dune_stalker.png,7,73,85,behavior|sound,aggressive,sky,aggressive,,,
20,3,wind_serpent,wind_serpent_d1_0,devo1,1,1,산들뱀,wind_serpent,sound|temperature,-6,3,-9,-3,5,3,2,8,0,3,-3,3,-5,1,-6,-4,9,1,8,9,4,-1,1,2,-3,1,6.94,normal,opening_lock,🔒,turn_phase,초반 봉인,"[2, 3]","[3, 4]","[4, 5]","[3, 4]",부드러운 바람 소리를 내며 날아다니는 뱀,fire_ally.png,,,,,,,,fire_devolved.png,돌풍이,작은 날개를 퍼덕이며 바람을 일으키는 꼬마 뱀
20,3,wind_serpent,wind_serpent_d1_1,devo1,1,2,바람방패,wind_serpent,sound|temperature,-6,3,-9,-3,5,3,2,8,0,3,-3,3,-5,1,-6,-4,9,1,8,9,4,-1,1,2,-3,1,6.94,normal,opening_lock,🔒,turn_phase,초반 봉인,"[2, 3]","[3, 4]","[4, 5]","[3, 4]",바람 장벽으로 아군을 보호하는 뱀,grass_ally.png,,,,,,,,grass_devolved.png,방패콩,작은 날개로 몸을 감싸 방어하는 꼬마 뱀
20,3,wind_serpent,wind_serpent_d1_2,devo1,1,3,번개뱀,wind_serpent,sound|temperature,-6,3,-9,-3,5,3,2,8,0,3,-3,3,-5,1,-6,-4,9,1,8,9,4,-1,1,2,-3,1,6.94,normal,opening_lock,🔒,turn_phase,초반 봉인,"[2, 3]","[3, 4]","[4, 5]","[3, 4]",번개처럼 빠르게 적을 압박하는 뱀,fire_ally.png,,,,,,,,fire_devolved.png,번쩍벌레,몸이 번쩍번쩍 빛나며 빠르게 움직이는 꼬마 뱀
20,3,wind_serpent,wind_serpent_d2_0,devo2,2,1,돌풍이,wind_serpent_d1_0,sound|temperature,-9,2,-9,-7,7,2,5,9,0,2,-2,2,-7,1,-8,-6,9,1,8,9,4,-3,2,2,-5,4,15.31,brutal,opening_lock,🔒,turn_phase,초반 봉인,"[2, 3]","[3, 4]","[4, 5]","[4, 5]",작은 날개를 퍼덕이며 바람을 일으키는 꼬마 뱀,fire_devolved.png,,,,,,,,,,
20,3,wind_serpent,wind_serpent_d2_1,devo2,2,2,솔솔이,wind_serpent_d1_0,sound|temperature,-9,2,-9,-7,7,2,5,9,0,2,-2,2,-7,1,-8,-6,9,1,8,9,4,-3,2,2,-5,4,15.31,brutal,opening_lock,🔒,turn_phase,초반 봉인,"[2, 3]","[3, 4]","[4, 5]","[4, 5]",부드러운 바람으로 아군을 감싸주는 꼬마 뱀,water_devolved.png,,,,,,,,,,
20,3,wind_serpent,wind_serpent_d2_2,devo2,2,3,방패콩,wind_serpent_d1_1,sound|temperature,-9,2,-9,-7,7,2,5,9,0,2,-2,2,-7,1,-8,-6,9,1,8,9,4,-3,2,2,-5,4,15.31,brutal,opening_lock,🔒,turn_phase,초반 봉인,"[2, 3]","[3, 4]","[4, 5]","[4, 5]",작은 날개로 몸을 감싸 방어하는 꼬마 뱀,grass_devolved.png,,,,,,,,,,
20,3,wind_serpent,wind_serpent_d2_3,devo2,2,4,찌릿꿈틀,wind_serpent_d1_1,sound|temperature,-9,2,-9,-7,7,2,5,9,0,2,-2,2,-7,1,-8,-6,9,1,8,9,4,-3,2,2,-5,4,15.31,brutal,opening_lock,🔒,turn_phase,초반 봉인,"[2, 3]","[3, 4]","[4, 5]","[4, 5]",몸을 꿈틀거리며 전기 바람을 일으키는 꼬마 뱀,fire_devolved.png,,,,,,,,,,
20,3,wind_serpent,wind_serpent_d2_4,devo2,2,5,번쩍벌레,wind_serpent_d1_2,sound|temperature,-9,2,-9,-7,7,2,5,9,0,2,-2,2,-7,1,-8,-6,9,1,8,9,4,-3,2,2,-5,4,15.31,brutal,opening_lock,🔒,turn_phase,초반 봉인,"[2, 3]","[3, 4]","[4, 5]","[4, 5]",몸이 번쩍번쩍 빛나며 빠르게 움직이는 꼬마 뱀,fire_devolved.png,,,,,,,,,,
20,3,wind_serpent,wind_serpent_d2_5,devo2,2,6,고요또리,wind_serpent_d1_2,sound|temperature,-9,2,-9,-7,7,2,5,9,0,2,-2,2,-7,1,-8,-6,9,1,8,9,4,-3,2,2,-5,4,15.31,brutal,opening_lock,🔒,turn_phase,초반 봉인,"[2, 3]","[3, 4]","[4, 5]","[4, 5]",조용히 또르르 말려있으며 소리로 적을 달래는 꼬마 뱀,water_devolved.png,,,,,,,,,,
21,3,swamp_leech,swamp_leech,wild,0,0,늪지 거머리,,brightness|smell,3,4,-1,7,-6,2,-8,-4,6,2,4,8,6,2,4,8,-3,4,-7,1,0,1,-3,2,6,0,4.06,easy,drain_feast,🩸,charge,기생 흡수,"[3, 1]","[2, 1]","[2, 2]","[3, 1]",거대한 몸에서 독한 점액을 흘리는 늪의 포식자,enemy_fog_jellyfish.png,5,75,105,smell|behavior,stubborn,swamp,stubborn,,,
21,3,swamp_leech,swamp_leech_d1_0,devo1,1,1,약초거머리,swamp_leech,brightness|smell,5,3,2,8,-9,1,-9,-8,9,1,8,9,8,1,7,9,-5,3,-8,-2,0,1,-4,3,8,3,11.09,brutal,drain_feast,🩸,charge,기생 흡수,"[3, 1]","[2, 1]","[2, 2]","[2, 1]",점액이 치유 효과를 가진 약초 성분으로 변한 거머리,water_ally.png,,,,,,,,water_devolved.png,약초방울,동글동글한 몸에서 약초 향이 나는 꼬마 거머리
21,3,swamp_leech,swamp_leech_d1_1,devo1,1,2,철갑거머리,swamp_leech,brightness|smell,5,3,2,8,-9,1,-9,-8,9,1,8,9,8,1,7,9,-5,3,-8,-2,0,1,-4,3,8,3,11.09,brutal,drain_feast,🩸,charge,기생 흡수,"[3, 1]","[2, 1]","[2, 2]","[2, 1]",단단한 점액이 갑옷이 된 거머리,grass_ally.png,,,,,,,,grass_devolved.png,갑옷알,조그만 몸이 단단한 껍질로 덮인 꼬마 거머리
21,3,swamp_leech,swamp_leech_d1_2,devo1,1,3,흡수거머리,swamp_leech,brightness|smell,5,3,2,8,-9,1,-9,-8,9,1,8,9,8,1,7,9,-5,3,-8,-2,0,1,-4,3,8,3,11.09,brutal,drain_feast,🩸,charge,기생 흡수,"[3, 1]","[2, 1]","[2, 2]","[2, 1]",적의 에너지를 흡수해 순화도를 올리는 거머리,fire_ally.png,,,,,,,,fire_devolved.png,흡수콩,작은 입으로 쪽쪽 에너지를 빨아들이는 꼬마 거머리
21,3,swamp_leech,swamp_leech_d2_0,devo2,2,1,약초방울,swamp_leech_d1_0,brightness|smell,7,2,5,9,-9,1,-9,-8,9,1,8,9,9,1,8,9,-7,2,-9,-5,-2,3,-4,3,9,5,18.73,brutal,drain_feast,🩸,charge,기생 흡수,"[3, 1]","[2, 1]","[2, 2]","[2, 2]",동글동글한 몸에서 약초 향이 나는 꼬마 거머리,water_devolved.png,,,,,,,,,,
21,3,swamp_leech,swamp_leech_d2_1,devo2,2,2,늪짹짹,swamp_leech_d1_0,brightness|smell,7,2,5,9,-9,1,-9,-8,9,1,8,9,9,1,8,9,-7,2,-9,-5,-2,3,-4,3,9,5,18.73,brutal,drain_feast,🩸,charge,기생 흡수,"[3, 1]","[2, 1]","[2, 2]","[2, 2]",작은 입으로 짹짹 소리를 내며 적을 자극하는 꼬마 거머리,fire_devolved.png,,,,,,,,,,
21,3,swamp_leech,swamp_leech_d2_2,devo2,2,3,갑옷알,swamp_leech_d1_1,brightness|smell,7,2,5,9,-9,1,-9,-8,9,1,8,9,9,1,8,9,-7,2,-9,-5,-2,3,-4,3,9,5,18.73,brutal,drain_feast,🩸,charge,기생 흡수,"[3, 1]","[2, 1]","[2, 2]","[2, 2]",조그만 몸이 단단한 껍질로 덮인 꼬마 거머리,grass_devolved.png,,,,,,,,,,
21,3,swamp_leech,swamp_leech_d2_3,devo2,2,4,점액싹,swamp_leech_d1_1,brightness|smell,7,2,5,9,-9,1,-9,-8,9,1,8,9,9,1,8,9,-7,2,-9,-5,-2,3,-4,3,9,5,18.73,brutal,drain_feast,🩸,charge,기생 흡수,"[3, 1]","[2, 1]","[2, 2]","[2, 2]",점액을 뿌려 적의 움직임을 방해하는 꼬마 거머리,fire_devolved.png,,,,,,,,,,
21,3,swamp_leech,swamp_leech_d2_4,devo2,2,5,흡수콩,swamp_leech_d1_2,brightness|smell,7,2,5,9,-9,1,-9,-8,9,1,8,9,9,1,8,9,-7,2,-9,-5,-2,3,-4,3,9,5,18.73,brutal,drain_feast,🩸,charge,기생 흡수,"[3, 1]","[2, 1]","[2, 2]","[2, 2]",작은 입으로 쪽쪽 에너지를 빨아들이는 꼬마 거머리,fire_devolved.png,,,,,,,,,,
21,3,swamp_leech,swamp_leech_d2_5,devo2,2,6,진흙포근,swamp_leech_d1_2,brightness|smell,7,2,5,9,-9,1,-9,-8,9,1,8,9,9,1,8,9,-7,2,-9,-5,-2,3,-4,3,9,5,18.73,brutal,drain_feast,🩸,charge,기생 흡수,"[3, 1]","[2, 1]","[2, 2]","[2, 2]",따뜻한 진흙으로 아군을 감싸주는 꼬마 거머리,water_devolved.png,,,,,,,,,,
22,3,thunder_eel,thunder_eel,wild,0,0,번개 장어,,humidity|temperature,-3,2,-5,-1,0,4,-4,4,-3,4,-7,1,6,2,4,8,3,2,1,5,4,-1,-1,-2,3,0,3.24,easy,charge_burst,⚡,charge,과충전,"[1, 4]","[1, 3]","[1, 2]","[1, 4]",몸에서 전기를 뿜어 물속 모든 것을 마비시키는 장어,enemy_dune_stalker.png,5,58,72,sound|temperature,timid,sea,timid,,,
22,3,thunder_eel,thunder_eel_d1_0,devo1,1,1,불꽃장어,thunder_eel,humidity|temperature,-6,1,-7,-5,0,3,-3,3,-5,3,-8,-2,9,1,8,9,5,1,4,6,6,-2,-2,-3,4,1,7.14,normal,charge_burst,⚡,charge,과충전,"[1, 4]","[1, 3]","[1, 2]","[1, 3]",전기가 따뜻한 빛으로 변해 아군을 비추는 장어,fire_ally.png,,,,,,,,fire_devolved.png,불꽃콩,조그만 몸에서 따끈한 불꽃이 깜빡이는 꼬마 장어
22,3,thunder_eel,thunder_eel_d1_1,devo1,1,2,전기뱀장어,thunder_eel,humidity|temperature,-6,1,-7,-5,0,3,-3,3,-5,3,-8,-2,9,1,8,9,5,1,4,6,6,-2,-2,-3,4,1,7.14,normal,charge_burst,⚡,charge,과충전,"[1, 4]","[1, 3]","[1, 2]","[1, 3]",전기 충격으로 적을 놀라게 하는 장어,fire_ally.png,,,,,,,,fire_devolved.png,전기올챙,빠르게 헤엄치며 찌릿찌릿 전기를 내뿜는 꼬마 장어
22,3,thunder_eel,thunder_eel_d1_2,devo1,1,3,치유장어,thunder_eel,humidity|temperature,-6,1,-7,-5,0,3,-3,3,-5,3,-8,-2,9,1,8,9,5,1,4,6,6,-2,-2,-3,4,1,7.14,normal,charge_burst,⚡,charge,과충전,"[1, 4]","[1, 3]","[1, 2]","[1, 3]",약한 전류로 아군의 근육을 풀어주는 장어,water_ally.png,,,,,,,,water_devolved.png,치유방울,약한 전류로 상처를 감싸주는 동글동글한 꼬마 장어
22,3,thunder_eel,thunder_eel_d2_0,devo2,2,1,불꽃콩,thunder_eel_d1_0,humidity|temperature,-9,1,-9,-8,0,2,-2,2,-7,2,-9,-5,9,1,8,9,7,1,6,8,8,-4,-3,-5,4,4,15.49,brutal,charge_burst,⚡,charge,과충전,"[1, 4]","[1, 3]","[1, 2]","[1, 2]",조그만 몸에서 따끈한 불꽃이 깜빡이는 꼬마 장어,fire_devolved.png,,,,,,,,,,
22,3,thunder_eel,thunder_eel_d2_1,devo2,2,2,따끈꿈틀,thunder_eel_d1_0,humidity|temperature,-9,1,-9,-8,0,2,-2,2,-7,2,-9,-5,9,1,8,9,7,1,6,8,8,-4,-3,-5,4,4,15.49,brutal,charge_burst,⚡,charge,과충전,"[1, 4]","[1, 3]","[1, 2]","[1, 2]",따뜻한 몸으로 꿈틀거리며 아군을 감싸주는 꼬마 장어,water_devolved.png,,,,,,,,,,
22,3,thunder_eel,thunder_eel_d2_2,devo2,2,3,전기올챙,thunder_eel_d1_1,humidity|temperature,-9,1,-9,-8,0,2,-2,2,-7,2,-9,-5,9,1,8,9,7,1,6,8,8,-4,-3,-5,4,4,15.49,brutal,charge_burst,⚡,charge,과충전,"[1, 4]","[1, 3]","[1, 2]","[1, 2]",빠르게 헤엄치며 찌릿찌릿 전기를 내뿜는 꼬마 장어,fire_devolved.png,,,,,,,,,,
22,3,thunder_eel,thunder_eel_d2_3,devo2,2,4,전기방패,thunder_eel_d1_1,humidity|temperature,-9,1,-9,-8,0,2,-2,2,-7,2,-9,-5,9,1,8,9,7,1,6,8,8,-4,-3,-5,4,4,15.49,brutal,charge_burst,⚡,charge,과충전,"[1, 4]","[1, 3]","[1, 2]","[1, 2]",전기 막으로 아군을 보호하는 꼬마 장어,grass_devolved.png,,,,,,,,,,
22,3,thunder_eel,thunder_eel_d2_4,devo2,2,5,치유방울,thunder_eel_d1_2,humidity|temperature,-9,1,-9,-8,0,2,-2,2,-7,2,-9,-5,9,1,8,9,7,1,6,8,8,-4,-3,-5,4,4,15.49,brutal,charge_burst,⚡,charge,과충전,"[1, 4]","[1, 3]","[1, 2]","[1, 2]",약한 전류로 상처를 감싸주는 동글동글한 꼬마 장어,water_devolved.png,,,,,,,,,,
22,3,thunder_eel,thunder_eel_d2_5,devo2,2,6,찌릿톡,thunder_eel_d1_2,humidity|temperature,-9,1,-9,-8,0,2,-2,2,-7,2,-9,-5,9,1,8,9,7,1,6,8,8,-4,-3,-5,4,4,15.49,brutal,charge_burst,⚡,charge,과충전,"[1, 4]","[1, 3]","[1, 2]","[1, 2]",짧은 전기 충격으로 적을 톡톡 자극하는 꼬마 장어,fire_devolved.png,,,,,,,,,,
23,3,smoke_weasel,smoke_weasel,wild,0,0,연기 족제비,,smell|temperature,3,2,1,5,-3,2,-5,-1,-6,2,-8,-4,-3,4,-7,1,0,4,-4,4,-1,2,-1,-5,-4,0,3.24,easy,prep_then_burst,🕰️,turn_phase,준비 후 폭발,"[2, 1]","[3, 1]","[3, 2]","[2, 1]",연기처럼 사라졌다 나타나며 혼란을 주는 족제비,enemy_shadow_cat.png,4,52,65,behavior,timid,volcano,timid,,,
23,3,smoke_weasel,smoke_weasel_d1_0,devo1,1,1,안개족제비,smoke_weasel,smell|temperature,6,1,5,7,-5,1,-6,-4,-9,1,-9,-8,-5,3,-8,-2,0,3,-3,3,-2,4,-1,-8,-6,1,7.14,normal,prep_then_burst,🕰️,turn_phase,준비 후 폭발,"[2, 1]","[3, 1]","[3, 2]","[3, 1]",부드러운 안개로 아군을 숨겨주는 족제비,fire_ally.png,,,,,,,,fire_devolved.png,안개새끼,살금살금 안개 속을 뛰어다니는 꼬마 족제비
23,3,smoke_weasel,smoke_weasel_d1_1,devo1,1,2,그림자족제비,smoke_weasel,smell|temperature,6,1,5,7,-5,1,-6,-4,-9,1,-9,-8,-5,3,-8,-2,0,3,-3,3,-2,4,-1,-8,-6,1,7.14,normal,prep_then_burst,🕰️,turn_phase,준비 후 폭발,"[2, 1]","[3, 1]","[3, 2]","[3, 1]",그림자를 조종해 적을 혼란시키는 족제비,fire_ally.png,,,,,,,,fire_devolved.png,그림자콩,작은 그림자를 만들어 적을 놀라게 하는 꼬마 족제비
23,3,smoke_weasel,smoke_weasel_d2_0,devo2,2,1,안개새끼,smoke_weasel_d1_0,smell|temperature,9,1,8,9,-7,1,-8,-6,-9,1,-9,-8,-7,2,-9,-5,0,2,-2,2,-2,6,-2,-8,-8,4,15.49,brutal,prep_then_burst,🕰️,turn_phase,준비 후 폭발,"[2, 1]","[3, 1]","[3, 2]","[3, 2]",살금살금 안개 속을 뛰어다니는 꼬마 족제비,fire_devolved.png,,,,,,,,,,
23,3,smoke_weasel,smoke_weasel_d2_1,devo2,2,2,안개솜,smoke_weasel_d1_0,smell|temperature,9,1,8,9,-7,1,-8,-6,-9,1,-9,-8,-7,2,-9,-5,0,2,-2,2,-2,6,-2,-8,-8,4,15.49,brutal,prep_then_burst,🕰️,turn_phase,준비 후 폭발,"[2, 1]","[3, 1]","[3, 2]","[3, 2]",부드러운 안개로 아군의 긴장을 풀어주는 꼬마 족제비,water_devolved.png,,,,,,,,,,
23,3,smoke_weasel,smoke_weasel_d2_2,devo2,2,3,그림자콩,smoke_weasel_d1_1,smell|temperature,9,1,8,9,-7,1,-8,-6,-9,1,-9,-8,-7,2,-9,-5,0,2,-2,2,-2,6,-2,-8,-8,4,15.49,brutal,prep_then_burst,🕰️,turn_phase,준비 후 폭발,"[2, 1]","[3, 1]","[3, 2]","[3, 2]",작은 그림자를 만들어 적을 놀라게 하는 꼬마 족제비,fire_devolved.png,,,,,,,,,,
23,3,smoke_weasel,smoke_weasel_d2_3,devo2,2,4,불씨잠,smoke_weasel_d1_1,smell|temperature,9,1,8,9,-7,1,-8,-6,-9,1,-9,-8,-7,2,-9,-5,0,2,-2,2,-2,6,-2,-8,-8,4,15.49,brutal,prep_then_burst,🕰️,turn_phase,준비 후 폭발,"[2, 1]","[3, 1]","[3, 2]","[3, 2]",따뜻한 불씨를 안고 꾸벅꾸벅 조는 꼬마 족제비,grass_devolved.png,,,,,,,,,,
24,3,moss_golem,moss_golem,wild,0,0,이끼 골렘,,smell|humidity,0,4,-4,4,-3,4,-7,1,6,2,4,8,6,2,4,8,-6,2,-8,-4,-2,-2,-2,3,6,0,3.92,easy,checkpoint_turn,🚩,turn_phase,체크포인트,"[3, 1]","[2, 1]","[2, 2]","[3, 1]",오래된 이끼와 바위로 이루어진 거대한 골렘,enemy_stone_turtle.png,7,82,115,smell|sound,stubborn,swamp,stubborn,,,
24,3,moss_golem,moss_golem_d1_0,devo1,1,1,숲골렘,moss_golem,smell|humidity,0,3,-3,3,-5,3,-8,-2,9,1,8,9,9,1,8,9,-8,1,-9,-7,-2,-3,-3,4,9,3,10.62,hard,checkpoint_turn,🚩,turn_phase,체크포인트,"[3, 1]","[2, 1]","[2, 2]","[2, 1]",이끼에서 새싹이 자라나는 수호의 골렘,grass_ally.png,,,,,,,,grass_devolved.png,숲조약돌,동글동글한 돌 위에 이끼가 자라는 꼬마 골렘
24,3,moss_golem,moss_golem_d1_1,devo1,1,2,울림골렘,moss_golem,smell|humidity,0,3,-3,3,-5,3,-8,-2,9,1,8,9,9,1,8,9,-8,1,-9,-7,-2,-3,-3,4,9,3,10.62,hard,checkpoint_turn,🚩,turn_phase,체크포인트,"[3, 1]","[2, 1]","[2, 2]","[2, 1]",몸을 울려 강한 소리 자극을 주는 골렘,fire_ally.png,,,,,,,,fire_devolved.png,울림알,통통 소리를 내며 굴러다니는 꼬마 골렘
24,3,moss_golem,moss_golem_d1_2,devo1,1,3,치유골렘,moss_golem,smell|humidity,0,3,-3,3,-5,3,-8,-2,9,1,8,9,9,1,8,9,-8,1,-9,-7,-2,-3,-3,4,9,3,10.62,hard,checkpoint_turn,🚩,turn_phase,체크포인트,"[3, 1]","[2, 1]","[2, 2]","[2, 1]",이끼에서 약효 성분이 스며나오는 골렘,water_ally.png,,,,,,,,water_devolved.png,치유솜이끼,동글동글한 이끼 뭉치에서 약효가 퍼지는 꼬마 골렘
24,3,moss_golem,moss_golem_d1_3,devo1,1,4,지진골렘,moss_golem,smell|humidity,0,3,-3,3,-5,3,-8,-2,9,1,8,9,9,1,8,9,-8,1,-9,-7,-2,-3,-3,4,9,3,10.62,hard,checkpoint_turn,🚩,turn_phase,체크포인트,"[3, 1]","[2, 1]","[2, 2]","[2, 1]",무거운 걸음으로 지면을 흔들어 적을 제압하는 골렘,fire_ally.png,,,,,,,,fire_devolved.png,지진콩돌,통통 튀어다니며 땅을 흔드는 꼬마 골렘
24,3,moss_golem,moss_golem_d2_0,devo2,2,1,숲조약돌,moss_golem_d1_0,smell|humidity,0,2,-2,2,-7,2,-9,-5,9,1,8,9,9,1,8,9,-9,1,-9,-8,-3,-3,-5,4,9,4,16.15,brutal,checkpoint_turn,🚩,turn_phase,체크포인트,"[3, 1]","[2, 1]","[2, 2]","[2, 2]",동글동글한 돌 위에 이끼가 자라는 꼬마 골렘,grass_devolved.png,,,,,,,,,,
24,3,moss_golem,moss_golem_d2_1,devo2,2,2,수액새싹,moss_golem_d1_0,smell|humidity,0,2,-2,2,-7,2,-9,-5,9,1,8,9,9,1,8,9,-9,1,-9,-8,-3,-3,-5,4,9,4,16.15,brutal,checkpoint_turn,🚩,turn_phase,체크포인트,"[3, 1]","[2, 1]","[2, 2]","[2, 2]",달콤한 수액 향기로 아군을 격려하는 꼬마 골렘,fire_devolved.png,,,,,,,,,,
24,3,moss_golem,moss_golem_d2_2,devo2,2,3,울림알,moss_golem_d1_1,smell|humidity,0,2,-2,2,-7,2,-9,-5,9,1,8,9,9,1,8,9,-9,1,-9,-8,-3,-3,-5,4,9,4,16.15,brutal,checkpoint_turn,🚩,turn_phase,체크포인트,"[3, 1]","[2, 1]","[2, 2]","[2, 2]",통통 소리를 내며 굴러다니는 꼬마 골렘,fire_devolved.png,,,,,,,,,,
24,3,moss_golem,moss_golem_d2_3,devo2,2,4,이끼자장,moss_golem_d1_1,smell|humidity,0,2,-2,2,-7,2,-9,-5,9,1,8,9,9,1,8,9,-9,1,-9,-8,-3,-3,-5,4,9,4,16.15,brutal,checkpoint_turn,🚩,turn_phase,체크포인트,"[3, 1]","[2, 1]","[2, 2]","[2, 2]",부드러운 울림으로 아군을 편안하게 해주는 꼬마 골렘,water_devolved.png,,,,,,,,,,
24,3,moss_golem,moss_golem_d2_4,devo2,2,5,치유솜이끼,moss_golem_d1_2,smell|humidity,0,2,-2,2,-7,2,-9,-5,9,1,8,9,9,1,8,9,-9,1,-9,-8,-3,-3,-5,4,9,4,16.15,brutal,checkpoint_turn,🚩,turn_phase,체크포인트,"[3, 1]","[2, 1]","[2, 2]","[2, 2]",동글동글한 이끼 뭉치에서 약효가 퍼지는 꼬마 골렘,water_devolved.png,,,,,,,,,,
24,3,moss_golem,moss_golem_d2_5,devo2,2,6,돌멩우르,moss_golem_d1_2,smell|humidity,0,2,-2,2,-7,2,-9,-5,9,1,8,9,9,1,8,9,-9,1,-9,-8,-3,-3,-5,4,9,4,16.15,brutal,checkpoint_turn,🚩,turn_phase,체크포인트,"[3, 1]","[2, 1]","[2, 2]","[2, 2]",작은 몸으로 우르르 굴러가며 적을 자극하는 꼬마 골렘,fire_devolved.png,,,,,,,,,,
24,3,moss_golem,moss_golem_d2_6,devo2,2,7,지진콩돌,moss_golem_d1_3,smell|humidity,0,2,-2,2,-7,2,-9,-5,9,1,8,9,9,1,8,9,-9,1,-9,-8,-3,-3,-5,4,9,4,16.15,brutal,checkpoint_turn,🚩,turn_phase,체크포인트,"[3, 1]","[2, 1]","[2, 2]","[2, 2]",통통 튀어다니며 땅을 흔드는 꼬마 골렘,fire_devolved.png,,,,,,,,,,
24,3,moss_golem,moss_golem_d2_7,devo2,2,8,뿌리닻,moss_golem_d1_3,smell|humidity,0,2,-2,2,-7,2,-9,-5,9,1,8,9,9,1,8,9,-9,1,-9,-8,-3,-3,-5,4,9,4,16.15,brutal,checkpoint_turn,🚩,turn_phase,체크포인트,"[3, 1]","[2, 1]","[2, 2]","[2, 2]",뿌리를 내려 아군을 단단히 보호하는 꼬마 골렘,grass_devolved.png,,,,,,,,,,
